sample_id	Unassigned_335	c__Bacteroidia_257	c__Clostridia_258483_128	d__Bacteria_138	f__Acetobacteraceae	f__Acidaminococcaceae	f__Actinomycetaceae	f__Acutalibacteraceae	f__Aerococcaceae	f__Aeromonadaceae	f__Akkermansiaceae	f__Alteromonadaceae_665222	f__Amphibacillaceae	f__Anaerofustaceae	f__Anaeroplasmataceae	f__Anaerotignaceae	f__Anaerovoracaceae	f__Anoxybacillaceae	f__Atopobiaceae	f__Bacillaceae_H_294103	f__Bacteroidaceae	f__Beijerinckiaceae	f__Bifidobacteriaceae	f__Borkfalkiaceae	f__Burkholderiaceae_A_580492	f__Burkholderiaceae_A_592522	f__Burkholderiaceae_A_595427	f__Butyricicoccaceae	f__CAG-138	f__CAG-239	f__CAG-272	f__CAG-314	f__CAG-508	f__CAG-552	f__CAG-74	f__CAG-917	f__Caulobacteraceae	f__Cellulomonadaceae	f__Cellulosilyticaceae	f__Christensenellaceae	f__Clostridiaceae_222000	f__Coprobacillaceae	f__Coriobacteriaceae	f__DSM-27016_98371	f__DSM-8532	f__Dehalobacteriaceae	f__Desulfovibrionaceae	f__Dialisteraceae	f__Dysgonomonadaceae	f__Eggerthellaceae	f__Enterobacteriaceae_A	f__Enterococcaceae	f__Erysipelotrichaceae	f__Filifactoraceae_235824	f__Fusobacteriaceae_993521	f__Gastranaerophilaceae	f__Gemellaceae	f__Helicobacteraceae	f__Lachnospiraceae	f__Lactobacillaceae	f__Leptotrichiaceae	f__Marinifilaceae	f__Marinilabiliaceae	f__Megasphaeraceae	f__Methanobacteriaceae	f__Microbacteriaceae	f__Micrococcaceae	f__Moraxellaceae	f__Mucispirillaceae	f__Muribaculaceae	f__Mycobacteriaceae	f__Nanosyncoccaceae	f__Neisseriaceae_563222	f__Oscillospiraceae_45227	f__Oscillospiraceae_88309	f__Pasteurellaceae	f__Peptoniphilaceae	f__Peptostreptococcaceae_256921	f__Porphyromonadaceae	f__Pseudomonadaceae	f__QAKW01	f__Rikenellaceae	f__Ruminococcaceae	f__Selenomonadaceae_42771	f__Sphingomonadaceae	f__Staphylococcaceae	f__Streptococcaceae	f__Syntrophobotulaceae	f__Tannerellaceae	f__Turicibacteraceae	f__UBA1242	f__UBA1381	f__UBA644	f__UBA660	f__UBA932	f__Vagococcaceae	f__Veillonellaceae	f__Weeksellaceae	f__Xanthobacteraceae_503485	f__Xylanivirgaceae	o__Bacteroidales_464	o__Christensenellales_368	o__Christensenellales_93	o__Clostridiales_255	o__Lachnospirales_145	o__Lachnospirales_232	o__Lachnospirales_359	o__Oscillospirales_323	o__RFN20_396	o___261	p__Firmicutes_A_198	is_treatment	antibiotic	treatment
A1.d0	0.0	0.0	0.0	0.07463880151410139	0.0	0.0	0.0	0.3145492349522845	0.0	0.0	0.0	0.0	0.0	0.0	0.4105134083275576	0.3252119208828703	0.010662685930585914	0.0	0.0	0.0	12.82187983152956	0.0	0.0	0.5864477261822252	0.0	0.0	0.037319400757050696	0.15460894599349573	0.0	0.0	0.0	0.05864477261822251	0.3305432638481633	0.11728954523644501	0.0	0.0	0.0	0.0	0.0	0.015994028895878868	0.031988057791757736	0.0	0.0	0.0	0.0	1.087593964919763	0.7570507010715998	0.0	0.0	0.0	0.0	0.0	0.0	0.0	0.0	0.13861491709761686	0.0	0.0	36.18915604840859	0.21325371861171824	0.0	0.7143999573492561	0.0	0.0	0.0	0.0	0.0	0.0	2.5057311936876894	31.076398144692643	0.0	0.0	0.0	0.0	10.017593431785466	0.0	0.0	0.0	0.0	0.0	0.0	0.8850029322386306	0.3198805779175774	0.0	0.0	0.0	0.0	0.0	0.05331342965292957	0.0	0.026656714826464784	0.0	0.0	0.021325371861171828	0.6504238417657406	0.0	0.0	0.0	0.0	0.0	0.0	0.0	0.0	0.0	0.05331342965292957	0.0	0.0	0.0	0.0	0.0	0.0	ABX	amp	PO
A10.d0	0.0	0.0	0.01792628710741431	0.01792628710741431	0.0	0.0	0.0	0.22228596013193747	0.0	0.0	0.0	0.0	0.0	0.0	0.05377886132224294	0.1685070988096945	0.0	0.0	0.0	0.0	39.21196041875806	0.0	0.0	0.10038720780152016	0.0	0.0	0.0	0.17926287107414313	0.0	0.0	0.0	0.014341029685931452	0.44457192026387493	0.03226731679334576	0.0	0.0	0.0	0.0	0.0	0.0	0.0	0.0	0.0	0.0	0.0	0.9106553850566472	0.26172379176824895	0.0	0.0	0.0	0.0	0.0	0.0	0.0	0.0	0.04660834647927722	0.0	0.0	17.980065968736554	0.10755772264448588	0.0	0.44457192026387493	0.0	0.0	0.0	0.0	0.0	0.0	0.7170514842965726	30.947942062240067	0.0	0.0	0.0	0.0	6.299297289545389	0.0	0.0	0.0	0.0	0.0	0.0	1.100674028395239	0.4589129499498064	0.0	0.0	0.0	0.0	0.0	0.0	0.0	0.0	0.0	0.0	0.021511544528897177	0.11831349490893446	0.0	0.0	0.0	0.0	0.0	0.0	0.0	0.021511544528897177	0.0	0.10038720780152016	0.0	0.0	0.0	0.0	0.0	0.0	ABX	amp	IP
A11.d0	0.0	0.0	0.09302943717190511	0.026579839191972893	0.0	0.0	0.0	0.046514718585952554	0.0	0.0	0.0	0.0	0.0	0.0	0.06644959797993222	0.09967439696989831	0.0	0.0	0.0	0.0	13.549073028108179	0.0	0.0	0.17941391454581698	0.0	0.0	0.07973951757591867	0.08638447737391189	0.0	0.0	0.013289919595986443	0.0	1.1030633264668748	0.019934879393979667	0.0	0.0	0.0	0.0	0.0	0.0	0.0	0.0	0.0	0.0	0.0	0.2923782311117018	0.16612399494983054	0.0	0.0	0.013289919595986443	0.0	0.0	0.046514718585952554	0.0	0.0	0.046514718585952554	0.0	0.0	12.246660907701507	0.3787627084856136	0.0	2.4852149644494648	0.0	0.0	0.0	0.0	0.0	0.0	0.07973951757591867	63.153697920127584	0.0	0.0	0.0	0.0	2.790883115157153	0.0	0.0	0.0	0.0	0.0	0.0	2.365605688085587	0.2857332713137085	0.0	0.0	0.0	0.0	0.0	0.013289919595986443	0.0	0.0	0.0	0.0	0.1528340753538441	0.07309455777792545	0.0	0.0	0.0	0.0	0.0	0.0	0.0	0.026579839191972893	0.0	0.019934879393979667	0.0	0.0	0.0	0.0	0.0	0.0	ABX	amp	IP
A12.d0	0.0	0.0	0.0	0.0	0.0	0.0	0.0	0.15693659761456372	0.0	0.0	0.14124293785310735	0.0	0.0	0.0	0.04708097928436912	0.09416195856873824	0.0	0.0	0.0	0.0	21.563088512241055	0.0	0.0	0.3295668549905838	0.0	0.0	0.25109855618330196	0.17263025737602009	0.0	0.0	0.0	0.0	0.17263025737602009	0.0	0.0	0.0	0.0	0.0	0.0	0.0	0.0	0.0	0.0	0.0	0.0	0.15693659761456372	0.2197112366603892	0.0	0.0	0.0	0.0	0.0	0.04708097928436912	0.0	0.0	0.09416195856873824	0.0	0.0	8.286252354048965	0.4080351537978657	0.0	0.3138731952291275	0.0	0.0	0.0	0.0	0.0	0.0	2.589453860640301	62.38229755178908	0.0	0.0	0.0	0.0	1.9146264908976773	0.0	0.0	0.0	0.0	0.0	0.0	0.32956685499058386	0.1726302573760201	0.0	0.0	0.0	0.0	0.0	0.031387319522912745	0.0	0.0	0.0	0.0	0.031387319522912745	0.09416195856873823	0.0	0.0	0.0	0.0	0.0	0.0	0.0	0.0	0.0	0.0	0.0	0.0	0.0	0.0	0.0	0.0	ABX	amp	IV
A13.d0	0.0	0.0	0.0	0.028406400909004828	0.0	0.0	0.0	0.17990720575703062	0.0	0.0	0.03787520121200644	0.0	0.0	0.0	0.07575040242401287	0.38822081242306594	0.0	0.0	0.0	0.0	25.935044029921404	0.0	0.0	0.5397216172710917	0.0	0.0	0.04734400151500805	0.0	0.0	0.07575040242401287	0.0	0.0	0.17043840545402897	0.04734400151500805	0.0	0.0	0.0	0.0	0.0	0.0	0.0	0.0	0.0	0.0	0.0	0.48290881545308206	0.42609601363507243	0.0	0.0	0.0	0.0	0.0	0.0	0.0	0.0	0.35034561121105956	0.0	0.0	30.697850582331217	0.17990720575703056	0.0	0.24618880787804187	0.0	0.0	0.0	0.0	0.0	0.0	1.2498816399962125	29.65628254900104	0.0	0.0	0.0	0.0	7.6791970457343055	0.0	0.0	0.0	0.0	0.0	0.0	0.5775968184830982	0.4734400151500805	0.0	0.0	0.0	0.0	0.0	0.04734400151500805	0.0	0.0	0.0	0.0	0.0	0.23672000757504022	0.0	0.0	0.0	0.0	0.0	0.0	0.0	0.0946880030300161	0.0	0.07575040242401287	0.0	0.0	0.0	0.0	0.0	0.0	ABX	amp	IV
A14.d0	0.0	0.0	0.0	0.0	0.0	0.0	0.0	0.0	0.0	0.0	0.0	0.0	0.0	0.0	0.16103059581320453	0.0	0.0	0.0	0.0	0.0	28.341384863124	0.0	0.0	0.0	0.0	0.0	0.0	0.0	0.0	0.0	0.0	0.0	0.0	0.0	0.0	0.0	0.0	0.0	0.0	0.0	0.0	0.0	0.0	0.0	0.0	0.0	0.0	0.0	0.0	0.0	0.0	0.0	0.0	0.0	0.0	0.0	0.0	0.0	10.466988727858293	0.0	0.0	0.26838432635534093	0.0	0.0	0.0	0.0	0.0	0.0	0.0	58.40042941492218	0.0	0.0	0.0	0.0	0.6977992485238863	0.0	0.0	0.0	0.0	0.0	0.0	0.8051529790660228	0.32206119162640906	0.0	0.0	0.0	0.0	0.0	0.0	0.0	0.0	0.0	0.0	0.0	0.5367686527106819	0.0	0.0	0.0	0.0	0.0	0.0	0.0	0.0	0.0	0.0	0.0	0.0	0.0	0.0	0.0	0.0	ABX	amp	IV
A15.d0	0.0	0.0	0.0	0.0	0.0	0.0	0.0	0.14388489208633096	0.0	0.0	0.7673860911270984	0.0	0.0	0.0	0.0	0.0	0.0	0.0	0.0	0.0	49.16067146282973	0.0	0.0	0.0	0.0	0.0	0.0	0.0	0.0	0.0	0.0	0.0	1.0551558752997603	0.0	0.0	0.0	0.0	0.0	0.0	0.0	0.0	0.0	0.0	0.0	0.0	0.0	0.0	0.0	0.0	0.0	0.0	0.0	0.0	0.0	0.0	0.0	0.0	0.0	7.961630695443646	0.0	0.0	0.5755395683453238	0.0	0.0	0.0	0.0	0.0	0.0	0.0	38.417266187050366	0.0	0.0	0.0	0.0	0.7194244604316548	0.0	0.0	0.0	0.0	0.0	0.0	0.6714628297362111	0.23980815347721826	0.0	0.0	0.0	0.0	0.0	0.0	0.0	0.0	0.0	0.0	0.0	0.2877697841726619	0.0	0.0	0.0	0.0	0.0	0.0	0.0	0.0	0.0	0.0	0.0	0.0	0.0	0.0	0.0	0.0	ABX	amp	IV
A16.d0	0.0	0.0	0.0	0.0	0.0	0.0	0.0	0.0	0.0	0.0	0.9538950715421303	0.0	0.0	0.0	0.0	0.0	0.0	0.0	0.0	0.0	48.648648648648646	0.0	0.0	0.0	0.0	0.0	0.0	0.0	0.0	0.0	0.0	0.0	0.0	0.0	0.0	0.0	0.0	0.0	0.0	0.0	0.0	0.0	0.0	0.0	0.0	0.0	0.0	0.0	0.0	0.0	0.0	0.0	0.0	0.0	0.0	0.0	0.0	0.0	11.446740858505564	0.3179650238473768	0.0	0.7949125596184419	0.0	0.0	0.0	0.0	0.0	0.0	0.0	37.04292527821939	0.0	0.0	0.0	0.0	0.0	0.0	0.0	0.0	0.0	0.0	0.0	0.7949125596184419	0.0	0.0	0.0	0.0	0.0	0.0	0.0	0.0	0.0	0.0	0.0	0.0	0.0	0.0	0.0	0.0	0.0	0.0	0.0	0.0	0.0	0.0	0.0	0.0	0.0	0.0	0.0	0.0	0.0	ABX	amp	IV
A17.d0	0.0	0.0	0.0	0.12217470983506419	0.0	0.0	0.0	0.0	0.0	0.0	0.0	0.0	0.0	0.0	0.18326206475259627	0.5497861942577886	0.0	0.0	0.0	0.0	11.117898594990837	0.0	0.0	0.0	0.0	0.0	0.0	0.0	0.0	0.0	0.0	0.0	0.6719609040928528	0.0	0.0	0.0	0.0	0.0	0.0	0.0	0.0	0.0	0.0	0.0	0.0	1.0995723885155773	0.9773976786805133	0.0	0.0	0.0	0.0	0.0	0.0	0.0	0.0	0.3665241295051925	0.0	0.0	36.40806353084912	0.12217470983506419	0.0	2.0769700671960907	0.0	0.0	0.0	0.0	0.0	0.0	2.1991447770311545	34.94196701282835	0.0	0.0	0.0	0.0	6.16982284667074	0.0	0.0	0.0	0.0	0.0	0.0	2.5656689065363474	0.42761148442272456	0.0	0.0	0.0	0.0	0.0	0.0	0.0	0.0	0.0	0.0	0.0	0.0	0.0	0.0	0.0	0.0	0.0	0.0	0.0	0.0	0.0	0.0	0.0	0.0	0.0	0.0	0.0	0.0	ABX	amp	IV
A18.d0	0.0	0.0	0.0	0.0	0.0	0.0	0.0	0.0	0.0	0.0	1.2232415902140672	0.0	0.0	0.0	0.0	0.11120378092855157	0.0	0.0	0.0	0.0	22.9635807617459	0.0	0.0	0.0	0.0	0.0	0.0	0.0	0.0	0.0	0.0	0.0	0.6116207951070336	0.08340283569641366	0.0	0.0	0.0	0.0	0.0	0.0	0.0	0.0	0.0	0.0	0.0	0.8618293021962745	0.41701417848206834	0.0	0.0	0.0	0.0	0.0	0.0	0.0	0.0	0.19460661662496523	0.0	0.0	20.01668056713928	0.11120378092855157	0.0	0.6116207951070336	0.0	0.0	0.0	0.0	0.0	0.0	0.750625521267723	44.92632749513483	0.0	0.0	0.0	0.0	5.421184320266888	0.0	0.0	0.0	0.0	0.0	0.0	0.5004170141784821	0.6672226855713094	0.0	0.0	0.0	0.0	0.0	0.0	0.0	0.055601890464275786	0.0	0.0	0.055601890464275786	0.4170141784820684	0.0	0.0	0.0	0.0	0.0	0.0	0.0	0.0	0.0	0.0	0.0	0.0	0.0	0.0	0.0	0.0	ABX	amp	IV
A2.d0	0.0	0.0	0.0	0.06995675400661408	0.0	0.0	0.0	0.20351055711015004	0.0	0.0	0.0	0.0	0.0	0.0	0.1653523276519969	1.0811498346476722	0.025438819638768755	0.0	0.0	0.0	5.660137369626049	0.0	0.0	0.3625031798524548	0.0	0.0	0.07631645891630628	0.31798524548460944	0.0	0.0	0.0	0.06995675400661408	0.8204019333502924	0.0	0.0	0.0	0.0	0.0	0.0	0.0	0.05087763927753752	0.0	0.0	0.0	0.0	0.6296107860595268	0.3943017044009157	0.0	0.0	0.0	0.0	0.0	0.03815822945815313	0.0	0.0	0.10175527855507502	0.0	0.0	52.65199694734164	0.05723734418722971	0.0	3.237089799033324	0.0	0.0	0.0	0.0	0.0	0.0	2.105062325108115	21.43220554566268	0.0	0.0	0.0	0.0	7.332739760875094	0.0	0.0	0.0	0.0	0.0	0.0	2.4294072755024163	0.45789875349783765	0.0	0.0	0.0	0.0	0.0	0.0	0.0	0.02543881963876876	0.0	0.0	0.050877639277537516	0.10811498346476721	0.0	0.0	0.0	0.0	0.0	0.0	0.0	0.04451793436784533	0.0	0.0	0.0	0.0	0.0	0.0	0.0	0.0	ABX	amp	PO
A3.d0	0.0	0.0	0.0	0.0	0.0	0.0	0.0	0.09955201592832257	0.0	0.0	0.0	0.0	0.0	0.0	0.09955201592832257	0.0	0.0	0.0	0.0	0.0	29.766052762568446	0.0	0.0	0.0	0.0	0.0	0.2986560477849677	0.0	0.0	0.0	0.0	0.0	0.2239920358387257	0.0	0.0	0.0	0.0	0.0	0.0	0.0	0.0	0.0	0.0	0.0	0.0	0.17421602787456447	0.0	0.0	0.0	0.0	0.0	0.0	0.0	0.0	0.0	0.0	0.0	0.0	5.599800895968143	0.0	0.0	0.7217521154803386	0.0	0.0	0.0	0.0	0.0	0.0	0.0	61.075161772025886	0.0	0.0	0.0	0.0	0.8959681433549029	0.0	0.0	0.0	0.0	0.0	0.0	0.7217521154803384	0.17421602787456447	0.0	0.0	0.0	0.0	0.0	0.0	0.0	0.0	0.0	0.0	0.0	0.14932802389248384	0.0	0.0	0.0	0.0	0.0	0.0	0.0	0.0	0.0	0.0	0.0	0.0	0.0	0.0	0.0	0.0	ABX	amp	PO
A4.d0	0.0	0.0	0.0	0.0	0.0	0.0	0.0	0.0	0.0	0.0	0.0	0.0	0.0	0.0	0.0	0.0	0.0	0.0	0.0	0.0	30.991735537190078	0.0	0.0	0.0	0.0	0.0	0.0	0.0	0.0	0.0	0.0	0.0	0.0	0.0	0.0	0.0	0.0	0.0	0.0	0.0	0.0	0.0	0.0	0.0	0.0	0.0	0.0	0.0	0.0	0.0	0.0	0.0	0.0	0.0	0.0	0.0	0.0	0.0	30.16528925619835	0.0	0.0	0.8264462809917356	0.0	0.0	0.0	0.0	0.0	0.0	0.0	32.231404958677686	0.0	0.0	0.0	0.0	4.132231404958677	0.0	0.0	0.0	0.0	0.0	0.0	0.0	1.6528925619834711	0.0	0.0	0.0	0.0	0.0	0.0	0.0	0.0	0.0	0.0	0.0	0.0	0.0	0.0	0.0	0.0	0.0	0.0	0.0	0.0	0.0	0.0	0.0	0.0	0.0	0.0	0.0	0.0	ABX	amp	PO
A5.d0	0.0	0.0	0.0	0.0	0.0	0.0	0.0	0.0	0.0	0.0	0.0	0.0	0.0	0.0	0.0	0.0	0.0	0.0	0.0	0.0	45.71428571428571	0.0	0.0	0.0	0.43956043956043955	0.0	0.6593406593406593	0.0	0.0	0.0	0.0	0.0	0.0	0.0	0.0	0.0	0.0	0.0	0.0	0.0	0.0	0.0	0.0	0.0	0.0	0.0	0.0	0.0	0.0	0.0	0.0	0.0	0.0	0.0	0.0	0.0	0.0	0.0	4.175824175824176	0.0	0.0	0.43956043956043955	0.0	0.0	0.0	0.0	0.0	0.0	0.0	47.69230769230769	0.0	0.0	0.0	0.0	0.0	0.0	0.0	0.0	0.0	0.0	0.0	0.8791208791208791	0.0	0.0	0.0	0.0	0.0	0.0	0.0	0.0	0.0	0.0	0.0	0.0	0.0	0.0	0.0	0.0	0.0	0.0	0.0	0.0	0.0	0.0	0.0	0.0	0.0	0.0	0.0	0.0	0.0	ABX	amp	PO
A6.d0	0.0	0.0	0.0	0.0	0.0	0.0	0.0	0.0	0.0	0.0	0.0	0.0	0.0	0.0	0.0	0.0	0.0	0.0	0.0	0.0	39.19753086419754	0.0	0.0	0.0	0.0	0.0	0.0	0.0	0.0	0.0	0.0	0.0	0.6172839506172839	0.0	0.0	0.0	0.0	0.0	0.0	0.0	0.0	0.0	0.0	0.0	0.0	0.0	0.0	0.0	0.0	0.0	0.0	0.0	0.0	0.0	0.0	0.6172839506172839	0.0	0.0	6.481481481481482	0.0	0.0	0.0	0.0	0.0	0.0	0.0	0.0	0.0	0.0	49.074074074074076	0.0	0.0	0.0	0.0	0.0	0.0	0.0	0.0	0.0	0.0	0.0	4.012345679012346	0.0	0.0	0.0	0.0	0.0	0.0	0.0	0.0	0.0	0.0	0.0	0.0	0.0	0.0	0.0	0.0	0.0	0.0	0.0	0.0	0.0	0.0	0.0	0.0	0.0	0.0	0.0	0.0	0.0	ABX	amp	PO
A7.d0	0.0	0.0	0.0	0.0	0.0	0.0	0.0	0.20597322348094746	0.0	0.0	0.0	0.0	0.0	0.0	0.0	0.0	0.0	0.0	0.0	0.0	21.833161688980432	0.0	0.0	0.0	0.0	0.0	0.0	0.0	0.0	0.0	0.0	0.0	0.0	0.0	0.0	0.0	0.0	0.0	0.0	0.0	0.0	0.0	0.0	0.0	0.0	0.0	0.0	0.0	0.0	0.0	0.0	0.0	0.0	0.0	0.0	0.0	0.0	0.0	21.936148300720905	0.0	0.0	0.0	0.0	0.0	0.0	0.0	0.0	0.0	0.6179196704428424	52.832131822863026	0.0	0.0	0.0	0.0	2.059732234809475	0.0	0.0	0.0	0.0	0.0	0.0	0.5149330587023687	0.0	0.0	0.0	0.0	0.0	0.0	0.0	0.0	0.0	0.0	0.0	0.0	0.0	0.0	0.0	0.0	0.0	0.0	0.0	0.0	0.0	0.0	0.0	0.0	0.0	0.0	0.0	0.0	0.0	ABX	amp	IP
A8.d0	0.0	0.0	0.0	0.11045330034461427	0.0	0.0	0.0	0.22532473270301315	0.0	0.0	0.0	0.0	0.0	0.0	0.06627198020676858	0.5434302376955024	0.04418132013784572	0.0	0.0	0.0	18.80798798268092	0.0	0.0	0.4241406733233189	0.0	0.0	0.030926924096492003	0.28276044888221263	0.0	0.0	0.0	0.11928956437218344	1.0029159671290977	0.07952637624812228	0.0	0.026508792082707438	0.0	0.0	0.0	0.0	0.0	0.0	0.0	0.0	0.0	1.2326588318458955	0.7157373862331007	0.0	0.0	0.0	0.0	0.0	0.008836264027569143	0.0	0.0	0.04418132013784572	0.0	0.0	33.79429177343819	0.14579835645489087	0.0	1.6126181850313688	0.0	0.0	0.0	0.0	0.0	0.0	0.9366439869223292	27.42776354157462	0.0	0.0	0.0	0.0	8.588848634797207	0.0	0.0	0.0	0.0	0.0	0.0	2.3151011752231154	1.0250066271980207	0.0	0.0	0.0	0.0	0.0	0.0	0.0	0.0	0.0	0.0	0.22974286471679772	0.12370769638596801	0.0	0.0	0.0	0.0	0.0	0.0	0.0	0.0	0.0	0.03534505611027657	0.0	0.0	0.0	0.0	0.0	0.0	ABX	amp	IP
A9.d0	0.0	0.0	0.04607587160190446	0.030717247734602982	0.0	0.0	0.0	0.07679311933650744	0.0	0.0	0.04607587160190446	0.0	0.0	0.0	0.030717247734602982	0.1382276148057134	0.030717247734602982	0.0	0.0	0.0	34.41867608662264	0.0	0.0	0.5221932114882507	0.0	0.0	0.09215174320380892	0.0	0.0	0.0	0.0	0.0	1.1826140377822145	0.0	0.0	0.0	0.0	0.0	0.0	0.0	0.0	0.0	0.0	0.0	0.0	0.3686069728152357	0.10751036707111043	0.0	0.0	0.0	0.0	0.0	0.0	0.0	0.0	0.24573798187682386	0.0	0.0	21.701735524497003	0.32253110121333123	0.0	1.612655506066656	0.0	0.0	0.0	0.0	0.0	0.0	0.4146828444171402	34.34188296728613	0.0	0.0	0.0	0.0	2.4880970665028412	0.0	0.0	0.0	0.0	0.0	0.0	1.2286899093841193	0.18430348640761787	0.0	0.0	0.0	0.0	0.0	0.0	0.0	0.0	0.0	0.0	0.0	0.3225311012133313	0.0	0.0	0.0	0.0	0.0	0.0	0.0	0.04607587160190446	0.0	0.0	0.0	0.0	0.0	0.0	0.0	0.0	ABX	amp	IP
C1.d0	0.0	0.0	0.08768433638899958	0.013285505513484787	0.0	0.0	0.0	0.0185997077188787	0.0	0.0	0.0	0.0	0.0	0.0	0.10096984190248438	0.031885213232363485	0.0	0.0	0.0	0.0	33.84615384615384	0.0	0.0	0.23382489703733222	0.0	0.0	0.247110402550817	0.05048492095124219	0.0	0.029228112129666528	0.0	0.01594260661618174	0.37996545768566486	0.0	0.0	0.0	0.0	0.0	0.0	0.0	0.0	0.007971303308090871	0.0	0.0	0.0	0.1355121562375448	0.09565563969709046	0.0	0.0	0.0	0.0	0.0	0.0371994154377574	0.0	0.0	0.15676896505912047	0.0	0.0	5.122890925999733	0.06908462867012088	0.0	0.4384216819449979	0.0	0.0	0.0	0.0	0.0	0.0	0.042513617643151314	55.77520924671183	0.0	0.0	0.0	0.0	1.618174571542447	0.0	0.0	0.0	0.0	0.0	0.0	0.7599309153713298	0.23116779593463527	0.0	0.0	0.0	0.0	0.0	0.031885213232363485	0.0	0.007971303308090871	0.010628404410787828	0.0	0.04517071874584827	0.3294805367344227	0.0	0.0	0.0	0.0	0.0	0.0	0.0	0.0	0.0	0.01594260661618174	0.0	0.0	0.0	0.0	0.0	0.013285505513484787	PBS	PBS	PO
C10.d0	0.0	0.0	0.0	0.01518910434914688	0.0	0.0	0.0	0.6075641739658751	0.0	0.0	0.5518707913523366	0.0	0.0	0.0	0.03544124348134272	0.04050427826439168	0.0	0.0	0.0	0.0	23.943091489038533	0.0	0.0	0.06075641739658752	0.0	0.0	0.3392233304642802	0.0	0.0	0.0	0.0	0.01518910434914688	0.13163890435927295	0.0	0.0	0.0	0.0	0.0	0.0	0.01012606956609792	0.01518910434914688	0.01518910434914688	0.0	0.0	0.0	0.18733228697281148	0.12657586957622396	0.0	0.0	0.0	0.0	0.0	0.0253151739152448	0.0	0.0	0.0253151739152448	0.0	0.0	6.536377904916207	0.0	0.0	0.1772062174067136	0.0	0.0	0.0	0.0	0.0	0.0	0.07594552174573439	65.48529188395524	0.0	0.0	0.0	0.0	0.643005417447218	0.0	0.0	0.0	0.0	0.0	0.0	0.3544124348134272	0.25315173915244793	0.0	0.0	0.0	0.0	0.0	0.06581945217963647	0.0	0.0	0.01012606956609792	0.0	0.02025213913219584	0.2025213913219584	0.0	0.0	0.0	0.0	0.0	0.0	0.0	0.02025213913219584	0.0	0.01012606956609792	0.0	0.0	0.0	0.0	0.0	0.0	PBS	PBS	IP
C11.d0	0.0	0.0	0.0	0.0	0.0	0.0	0.0	0.06723980596513135	0.0	0.0	0.0	0.0	0.0	0.0	0.06723980596513135	0.033619902982565675	0.0	0.0	0.0	0.0	29.230104221699243	0.0	0.0	0.1825080447624994	0.0	0.0	0.1969165746121704	0.048028432832236685	0.0	0.0	0.0	0.0	0.8308918879976946	0.033619902982565675	0.0	0.0	0.0	0.0	0.0	0.0	0.0	0.0	0.0	0.0	0.0	0.2737620671437491	0.0768454925315787	0.0	0.0	0.0	0.0	0.0	0.009605686566447336	0.0	0.0	0.14888814177993373	0.0	0.0	7.516449738245041	0.0768454925315787	0.0	0.5667355074203928	0.0	0.0	0.0	0.0	0.0	0.0	0.05283127611546035	58.01834686134191	0.0	0.0	0.0	0.0	1.1238653282743385	0.0	0.0	0.0	0.0	0.0	0.0	1.0518226790259835	0.14408529849671006	0.0	0.0	0.0	0.0	0.0	0.0	0.0	0.0	0.0	0.0	0.0	0.17770520147927574	0.0	0.0	0.0	0.0	0.0	0.0	0.0	0.07204264924835503	0.0	0.0	0.0	0.0	0.0	0.0	0.0	0.0	PBS	PBS	IP
C12.d0	0.0	0.0	0.0	0.0	0.0	0.0	0.0	0.07705149608321561	0.0	0.0	0.012841916013869272	0.0	0.0	0.0	0.19262874020803905	0.12199820213175808	0.0	0.0	0.0	0.0	31.096699627584435	0.0	0.0	0.776935918839091	0.0	0.0	0.038525748041607806	0.06420958006934635	0.0	0.0	0.019262874020803903	0.08347245409015028	1.0466161551303454	0.057788622062411706	0.0	0.0	0.0	0.0	0.0	0.0	0.019262874020803903	0.04494670604854245	0.0	0.0	0.0	0.32104790034673175	0.11557724412482343	0.0	0.0	0.0	0.03210479003467318	0.0	0.019262874020803903	0.0	0.0	0.12841916013869273	0.0	0.0	20.76537819442661	0.34031077436753565	0.0	0.9310389110055222	0.0	0.0	0.0	0.0	0.0	0.0	0.5457814305894441	37.92217798895596	0.0	0.0	0.0	0.0	2.2665981764479266	0.0	0.0	0.0	0.0	0.0	0.0	1.4061898035186853	0.6035700526518558	0.0	0.0	0.0	0.0	0.0	0.012841916013869272	0.0	0.038525748041607806	0.07063053807628099	0.0	0.38525748041607816	0.36599460639527426	0.0	0.0	0.0	0.0	0.025683832027738544	0.0	0.0	0.0	0.0	0.05136766405547709	0.0	0.0	0.0	0.0	0.0	0.0	PBS	PBS	IV
C13.d0	0.0	0.014345144168698896	0.0	0.03586286042174724	0.0	0.0	0.0	0.37297374838617126	0.0	0.0	0.021517716253048342	0.0	0.0	0.0	0.043035432506096684	0.34428346004877347	0.02869028833739779	0.0	0.0	0.0	14.875914502940756	0.0	0.0	0.08607086501219337	0.0	0.0	0.4088366088079185	0.0	0.0	0.0	0.0	0.0	2.4458470807631616	0.03586286042174724	0.0	0.0	0.0	0.0	0.0	0.0	0.03586286042174724	0.0	0.0	0.0	0.0	0.34428346004877347	0.23669487878353176	0.0	0.0	0.0	0.0	0.0	0.0	0.0	0.0	0.1649691579400373	0.0	0.0	16.72643810070291	0.5522880504949074	0.0	1.1476115334959118	0.0	0.0	0.0	0.0	0.0	0.0	0.8535360780375842	53.995122650982644	0.0	0.0	0.0	0.0	3.0770334241859127	0.0	0.0	0.0	0.0	0.0	0.0	2.230669918232678	0.7889829292784392	0.0	0.0	0.0	0.0	0.0	0.021517716253048342	0.0	0.0	0.021517716253048342	0.0	0.07889829292784392	0.8750537942906326	0.0	0.0	0.0	0.0	0.02869028833739779	0.0	0.0	0.07889829292784392	0.0	0.02869028833739779	0.0	0.0	0.0	0.0	0.0	0.0	PBS	PBS	IV
C14.d0	0.0	0.0	0.0	0.0	0.0	0.0	0.0	0.0	0.0	0.0	0.0	0.0	0.0	0.0	0.0	0.0	0.0	0.0	0.0	0.0	30.05671077504726	0.0	0.0	0.0	0.0	0.0	0.3780718336483932	0.0	0.0	0.0	0.0	0.0	0.0	0.0	0.0	0.0	0.0	0.0	0.0	0.0	0.0	0.0	0.0	0.0	0.0	0.0	0.0	0.0	0.0	0.0	0.0	0.0	0.0	0.0	0.0	0.0	0.0	0.0	14.55576559546314	0.0	0.0	0.3780718336483932	0.0	0.0	0.0	0.0	0.0	0.0	0.0	51.41776937618148	0.0	0.0	0.0	0.0	1.7013232514177696	0.0	0.0	0.0	0.0	0.0	0.0	1.5122873345935728	0.0	0.0	0.0	0.0	0.0	0.0	0.0	0.0	0.0	0.0	0.0	0.0	0.0	0.0	0.0	0.0	0.0	0.0	0.0	0.0	0.0	0.0	0.0	0.0	0.0	0.0	0.0	0.0	0.0	PBS	PBS	IV
C15.d0	0.0	0.0	0.0	0.0	0.0	0.0	0.0	0.36564381990249484	0.0	0.0	0.021508459994264404	0.0	0.0	0.0	0.3943217665615141	0.18640665328362488	0.0	0.0	0.0	0.0	19.32893604817895	0.0	0.0	0.34413535990823046	0.0	0.0	0.17206767995411526	0.16489819328936045	0.0	0.07169486664754803	0.0	0.0	0.7169486664754803	0.028677946659019207	0.0	0.0	0.0	0.0	0.0	0.0	0.0	0.0	0.0	0.0	0.0	0.2867794665901921	0.10037281330656722	0.0	0.0	0.0	0.0	0.0	0.04301691998852881	0.0	0.0	0.35847433323774014	0.0	0.0	14.059363349584169	0.20791511327788925	0.0	0.34413535990823046	0.0	0.0	0.0	0.0	0.0	0.0	0.07886435331230282	57.23401204473758	0.0	0.0	0.0	0.0	2.494981359334671	0.0	0.0	0.0	0.0	0.0	0.0	2.2583882993977626	0.5305420131918553	0.0	0.0	0.0	0.0	0.0	0.0	0.0	0.0	0.0	0.021508459994264404	0.10754229997132203	0.07886435331230282	0.0	0.0	0.0	0.0	0.0	0.0	0.0	0.0	0.0	0.0	0.0	0.0	0.0	0.0	0.0	0.0	PBS	PBS	IV
C16.d0	0.0	0.0	0.0	0.01882707333145063	0.0	0.0	0.0	0.0658947566600772	0.0	0.0	0.0	0.0	0.0	0.0	0.04706768332862657	0.14120304998587974	0.0	0.0	0.0	0.0	28.278264143838847	0.0	0.0	0.028240609997175946	0.0	0.0	0.0	0.08472182999152784	0.0	0.0	0.0	0.0	0.1882707333145063	0.0	0.0	0.0	0.0	0.0	0.0	0.0	0.0	0.0	0.0	0.0	0.0	0.35771439329756194	0.6024663466064202	0.0	0.0	0.0	0.0	0.0	0.0	0.0	0.0	0.16003012331733035	0.0	0.0	16.793749411653963	0.09413536665725313	0.0	0.5365715899463429	0.0	0.0	0.0	0.0	0.0	0.0	0.39536853996046323	46.75703661865764	0.0	0.0	0.0	0.0	3.3888731996611132	0.0	0.0	0.0	0.0	0.0	0.0	1.3367222065329947	0.4989174432834416	0.0	0.0	0.0	0.0	0.0	0.0	0.0	0.0	0.0	0.0	0.05648121999435189	0.15061658665160504	0.0	0.0	0.0	0.0	0.0	0.0	0.0	0.01882707333145063	0.0	0.0	0.0	0.0	0.0	0.0	0.0	0.0	PBS	PBS	IV
C17.d0	0.0	0.0	0.0	0.0	0.0	0.0	0.0	0.0	0.0	0.0	0.06844626967830253	0.0	0.0	0.0	0.0	0.0	0.0	0.0	0.0	0.0	13.278576317590693	0.0	0.0	0.0	0.0	0.0	0.17111567419575632	0.0	0.0	0.0	0.0	0.0	0.30800821355236135	0.0	0.0	0.0	0.0	0.0	0.0	0.0	0.0	0.0	0.0	0.0	0.0	0.17111567419575632	0.2737850787132101	0.0	0.0	0.0	0.0	0.0	0.0	0.0	0.0	0.0	0.0	0.0	7.186858316221766	0.10266940451745381	0.0	0.2737850787132101	0.0	0.0	0.0	0.0	0.0	0.0	0.0	77.07049965776865	0.0	0.0	0.0	0.0	0.7529089664613278	0.0	0.0	0.0	0.0	0.0	0.0	0.34223134839151265	0.0	0.0	0.0	0.0	0.0	0.0	0.0	0.0	0.0	0.0	0.0	0.0	0.0	0.0	0.0	0.0	0.0	0.0	0.0	0.0	0.0	0.0	0.0	0.0	0.0	0.0	0.0	0.0	0.0	PBS	PBS	IV
C18.d0	0.0	0.0	0.04649000464900046	0.0	0.0	0.0	0.0	0.06973500697350069	0.0	0.0	0.0	0.0	0.0	0.0	0.06973500697350069	0.0	0.0	0.0	0.0	0.0	32.53138075313807	0.0	0.0	0.0	0.04649000464900046	0.0	0.13947001394700137	0.0	0.0	0.0	0.0	0.0	0.44165504416550444	0.0	0.0	0.0	0.0	0.0	0.0	0.0	0.0	0.0	0.0	0.0	0.0	0.10460251046025103	0.0	0.0	0.0	0.0	0.0	0.0	0.02324500232450023	0.0	0.0	0.05811250581125058	0.0	0.0	3.3705253370525337	0.0	0.0	0.45327754532775455	0.0	0.0	0.0	0.0	0.0	0.0	0.0	61.43654114365411	0.0	0.0	0.0	0.0	0.2208275220827522	0.0	0.0	0.0	0.0	0.0	0.0	0.8833100883310088	0.0	0.0	0.0	0.0	0.0	0.0	0.0	0.0	0.0	0.0	0.0	0.0	0.10460251046025104	0.0	0.0	0.0	0.0	0.0	0.0	0.0	0.0	0.0	0.0	0.0	0.0	0.0	0.0	0.0	0.0	PBS	PBS	IV
C2.d0	0.0	0.0	0.0	0.0	0.0	0.0	0.0	0.0	0.0	0.0	0.0	0.0	0.0	0.0	0.6564551422319473	0.0	0.0	0.0	0.0	0.0	31.50984682713348	0.0	0.0	0.0	0.0	0.0	0.0	0.0	0.0	0.6564551422319473	0.0	0.0	0.437636761487965	0.0	0.0	0.0	0.0	0.0	0.0	0.0	0.0	0.0	0.0	0.0	0.0	0.0	0.0	0.0	0.0	0.0	0.0	0.0	0.0	0.0	0.0	0.87527352297593	0.0	0.0	5.689277899343544	0.0	0.0	0.0	0.0	0.0	0.0	0.0	0.0	0.0	0.0	59.73741794310722	0.0	0.0	0.0	0.0	0.437636761487965	0.0	0.0	0.0	0.0	0.0	0.0	0.0	0.0	0.0	0.0	0.0	0.0	0.0	0.0	0.0	0.0	0.0	0.0	0.0	0.0	0.0	0.0	0.0	0.0	0.0	0.0	0.0	0.0	0.0	0.0	0.0	0.0	0.0	0.0	0.0	0.0	PBS	PBS	PO
C3.d0	0.0	0.0	0.0	0.0	0.0	0.0	0.0	0.0	0.0	0.0	0.0	0.0	0.0	0.0	0.0	0.37140204271123495	0.0	0.0	0.0	0.0	31.290622098421547	0.0	0.18570102135561745	0.27855153203342625	0.0	0.0	1.114206128133705	0.0	0.0	0.0	0.0	0.0	0.5571030640668525	0.0	0.0	0.0	0.0	0.0	0.0	0.0	0.0	0.0	0.0	0.0	0.0	0.0	0.0	0.0	0.0	0.0	0.0	0.0	0.0	0.0	0.0	0.4642525533890437	0.0	0.0	8.635097493036213	0.0	0.0	0.18570102135561745	0.0	0.0	0.0	0.0	0.0	0.0	0.7428040854224699	53.01764159702879	0.0	0.0	0.0	0.0	0.6499535747446612	0.0	0.0	0.0	0.0	0.0	0.0	1.1142061281337048	1.3927576601671312	0.0	0.0	0.0	0.0	0.0	0.0	0.0	0.0	0.0	0.0	0.0	0.0	0.0	0.0	0.0	0.0	0.0	0.0	0.0	0.0	0.0	0.0	0.0	0.0	0.0	0.0	0.0	0.0	PBS	PBS	PO
C4.d0	0.0	0.0	0.0	0.031049472158973305	0.0	0.0	0.0	0.26909542537776865	0.0	0.0	0.08538604843717659	0.0	0.0	0.0	0.007762368039743326	0.1604222728213621	0.023287104119229976	0.0	0.0	0.0	43.280376733595524	0.0	0.0	0.20699648105982202	0.020699648105982203	0.0	0.0	0.2665079693645208	0.0	0.19405920099358315	0.0	0.0646864003311944	0.6623887393914305	0.02587456013247775	0.0	0.0	0.0	0.0	0.0	0.0	0.0	0.0	0.0	0.0	0.0	1.4696750155247362	0.19923411302007868	0.0	0.0	0.018112192092734427	0.0	0.0	0.005174912026495551	0.0	0.0	0.28203270544400755	0.0	0.0	15.102980749327262	0.015524736079486652	0.0	0.1992341130200787	0.0	0.0	0.0	0.0	0.0	0.0	0.15007244876837095	28.813910163527225	0.0	0.0	0.0	0.007762368039743326	6.494514593251916	0.0	0.0	0.0	0.0	0.0	0.0	1.0763817015110744	0.5718277789277584	0.0	0.0	0.0	0.0	0.0	0.05951148830469882	0.0	0.0	0.018112192092734427	0.0	0.041399296211964406	0.07762368039743325	0.0	0.0	0.0	0.0	0.0	0.0	0.0	0.05692403229145106	0.0	0.02846201614572553	0.0	0.0	0.0	0.0	0.012937280066238874	0.0	PBS	PBS	PO
C5.d0	0.0	0.0	0.0	0.0	0.0	0.0	0.0	0.0	0.0	0.0	0.0	0.0	0.0	0.0	0.0	0.0	0.0	0.0	0.0	0.0	33.96226415094339	0.0	0.0	0.0	0.0	0.0	0.0	0.0	0.0	0.0	0.0	0.0	0.0	0.0	0.0	0.0	0.0	0.0	0.0	0.0	0.0	0.0	0.0	0.0	0.0	0.0	0.0	0.0	0.0	0.0	0.0	0.0	0.0	0.0	0.0	0.0	0.0	0.0	6.289308176100628	0.0	0.0	0.0	0.0	0.0	0.0	0.0	0.0	0.0	0.9433962264150942	57.23270440251572	0.0	0.0	0.0	0.0	0.0	0.0	0.0	0.0	0.0	0.0	0.0	1.5723270440251573	0.0	0.0	0.0	0.0	0.0	0.0	0.0	0.0	0.0	0.0	0.0	0.0	0.0	0.0	0.0	0.0	0.0	0.0	0.0	0.0	0.0	0.0	0.0	0.0	0.0	0.0	0.0	0.0	0.0	PBS	PBS	PO
C6.d0	0.0	0.0	0.0	0.0	0.0	0.0	0.0	0.14413375612568466	0.0	0.0	0.0	0.0	0.0	0.0	0.0	0.08648025367541079	0.0	0.0	0.0	0.0	37.38829633900259	0.0	0.0	0.11530700490054772	0.0	0.0	0.0	0.0	0.0	0.0	0.0	0.08648025367541079	0.5477082732776017	0.0	0.0	0.0	0.0	0.0	0.0	0.0	0.0	0.0	0.0	0.0	0.0	0.11530700490054772	0.0	0.0	0.0	0.0	0.0	0.0	0.0	0.0	0.0	0.0	0.0	0.0	17.584318247333524	0.0	0.0	0.08648025367541079	0.0	0.0	0.0	0.0	0.0	0.0	0.08648025367541079	41.48169501297204	0.0	0.0	0.0	0.0	1.1242432977803403	0.0	0.0	0.0	0.0	0.0	0.0	0.8359757855289708	0.17296050735082158	0.0	0.0	0.0	0.0	0.0	0.0	0.0	0.0	0.0	0.0	0.0	0.14413375612568466	0.0	0.0	0.0	0.0	0.0	0.0	0.0	0.0	0.0	0.0	0.0	0.0	0.0	0.0	0.0	0.0	PBS	PBS	PO
C7.d0	0.0	0.0	0.08785630613041781	0.0	0.0	0.0	0.0	0.07809449433814918	0.0	0.0	0.09761811792268645	0.0	0.0	0.0	0.0	0.04880905896134323	0.019523623584537294	0.0	0.0	0.0	26.19094103865678	0.0	0.0	0.0	0.0	0.0	0.26356891839125346	0.0	0.0	0.019523623584537294	0.0	0.0	0.800468566966029	0.0	0.0	0.0	0.0	0.0	0.0	0.0	0.0	0.0	0.0	0.0	0.0	0.40999609527528313	0.30261616556032805	0.0	0.0	0.0	0.0	0.0	0.029285435376805932	0.0	0.0	0.0	0.0	0.0	6.27684498242874	0.03904724716907459	0.0	0.4392815306520891	0.0	0.0	0.0	0.0	0.0	0.0	0.03904724716907459	62.44631003514253	0.0	0.0	0.0	0.0	1.4837953924248342	0.0	0.0	0.0	0.0	0.0	0.0	0.6442795782897307	0.10737992971495511	0.0	0.0	0.0	0.0	0.0	0.0	0.0	0.0	0.0	0.0	0.06833268254588053	0.08785630613041781	0.0	0.0	0.0	0.0	0.0	0.0	0.0	0.0	0.0	0.019523623584537294	0.0	0.0	0.0	0.0	0.0	0.0	PBS	PBS	IP
C8.d0	0.0	0.0	0.0	0.0	0.0	0.0	0.0	0.038098140810728445	0.0	0.0	0.022858884486437067	0.0	0.0	0.0	0.053337397135019816	0.06095702529716549	0.0	0.0	0.0	0.0	36.76470588235295	0.0	0.0	0.16001219140505946	0.0	0.0	0.2743066138372448	0.0	0.0	0.022858884486437067	0.0	0.045717768972874134	0.7695824443767145	0.022858884486437067	0.0	0.0	0.0	0.0	0.0	0.0	0.0	0.0	0.0	0.0	0.0	0.09143553794574825	0.14477293508076808	0.0	0.0	0.0	0.0	0.0	0.045717768972874134	0.0	0.0	0.10667479427003965	0.0	0.0	3.733617799451387	0.12191405059433102	0.0	0.45717768972874134	0.0	0.0	0.0	0.0	0.0	0.0	0.0	55.07467235598904	0.0	0.0	0.0	0.0	0.4952758305394698	0.0	0.0	0.0	0.0	0.0	0.0	0.586711368485218	0.1904907040536422	0.0	0.0	0.0	0.0	0.0	0.022858884486437067	0.0	0.0	0.0	0.0	0.2666869856750991	0.3886010362694301	0.0	0.0	0.0	0.0	0.0	0.0	0.0	0.0	0.0	0.038098140810728445	0.0	0.0	0.0	0.0	0.0	0.0	PBS	PBS	IP
C9.d0	0.0	0.0	0.0	0.0	0.0	0.0	0.0	0.04946821667078901	0.0	0.0	0.0	0.0	0.0	0.0	0.364828097947069	0.3771951521147663	0.012367054167697254	0.0	0.0	0.0	22.254513974771207	0.0	0.018550581251545874	0.2844422458570368	0.0	0.0	0.13603759584466976	0.07420232500618351	0.0	0.0	0.0	0.06801879792233488	0.6430868167202572	0.1174870145931239	0.0	0.0	0.0	0.0	0.0	0.0	0.0	0.018550581251545874	0.0	0.0	0.0	0.14840465001236702	0.04946821667078901	0.0	0.0	0.012367054167697254	0.012367054167697254	0.0	0.2535246104377937	0.0	0.0	0.049468216670789	0.0	0.0	16.955231263912932	0.22260697501855053	0.0	0.513232747959436	0.0	0.0	0.0	0.0	0.0	0.0	2.195152114766262	51.44076181053672	0.0	0.0	0.0	0.0	1.3480089042790004	0.0	0.0	0.0	0.0	0.0	0.0	1.7808558001484043	0.12985406876082115	0.0	0.0	0.0	0.0	0.0	0.0	0.0	0.0	0.018550581251545874	0.0	0.024734108335394505	0.2658916646054909	0.0	0.0	0.0	0.0	0.0	0.0	0.0	0.1174870145931239	0.0	0.04328468958694038	0.0	0.0	0.0	0.0	0.0	0.0	PBS	PBS	IP
M1.d0	0.0	0.0	0.07945238968341278	0.06111722283339444	0.0	0.0	0.0	0.18946339078352278	0.0	0.0	0.0	0.0	0.0	0.0	0.04889377826671556	0.18335166850018333	0.0	0.0	0.0	0.0	18.11514484781811	0.0	0.0	0.43393228211710044	0.0	0.0	0.05500550055005501	0.2628040581835961	0.0	0.04278205598337611	0.0	0.0	1.1245569001344577	0.14056961251680722	0.0	0.01222344456667889	0.0	0.0	0.0	0.0	0.0	0.0	0.0	0.0	0.0	0.4033736707004033	0.26891578046693554	0.0	0.0	0.0	0.0	0.0	0.0	0.0	0.0	0.4094853929837428	0.0	0.0	39.46339078352279	0.16501650165016502	0.0	0.6233956729006233	0.0	0.0	0.0	0.0	0.0	0.0	1.1062217332844393	25.326977142158658	0.0	0.0	0.0	0.0	8.843662143992177	0.0	0.0	0.0	0.0	0.0	0.0	0.8556411196675222	1.265126512651265	0.0	0.0	0.0	0.0	0.0	0.0	0.0	0.01222344456667889	0.0	0.0	0.2872509473169539	0.0977875565334311	0.0	0.0	0.0	0.0	0.0	0.0	0.0	0.08556411196675222	0.0	0.03667033370003667	0.0	0.0	0.0	0.0	0.0	0.0	ABX	met	PO
M10.d0	0.0	0.0	0.019473248624701813	0.029209872937052715	0.0	0.0	0.0	0.18012754977849177	0.0	0.0	0.009736624312350907	0.0	0.0	0.0	0.13874689645100044	0.11683949174821089	0.017039092546614086	0.0	0.0	0.0	34.299693296334155	0.0	0.0	0.21420573487171998	0.0	0.0	0.026775716858964998	0.1582201450757022	0.0	0.053551433717929996	0.0	0.0073024682342631795	0.6377488924589844	0.03164402901514045	0.0	0.0	0.0	0.0	0.0	0.0	0.0	0.0	0.0	0.0073024682342631795	0.0	0.8568229394868798	0.6645246093179493	0.0	0.0	0.012170780390438634	0.0	0.0	0.0	0.0	0.0	0.5428168054135629	0.0	0.0	25.103451633318723	0.1436152086071759	0.0	0.9006377488924587	0.0	0.0	0.0	0.0	0.0	0.0	0.586631614819142	28.155883355240736	0.0	0.0	0.0	0.0	5.143371792999367	0.0	0.0	0.0	0.0	0.0	0.0	0.6986027944111776	0.7448517598948444	0.0	0.0	0.0	0.0	0.0	0.019473248624701813	0.0	0.014604936468526357	0.0	0.0	0.0365123411713159	0.28966457329243944	0.0	0.0	0.0	0.0	0.0	0.0	0.0	0.07545883842071954	0.0	0.021907404702789537	0.036512341171315896	0.0	0.0	0.0	0.004868312156175453	0.0	ABX	met	IP
M11.d0	0.0	0.0	0.0	0.0	0.0	0.0	0.0	0.0	0.0	0.0	0.0	0.0	0.0	0.0	0.5774783445620788	0.0	0.0	0.0	0.0	0.0	23.484119345524544	0.0	0.0	0.0	0.0	0.0	0.0	0.0	0.0	0.0	0.0	0.0	0.0	0.192492781520693	0.0	0.0	0.0	0.0	0.0	0.0	0.0	0.0	0.0	0.0	0.0	0.192492781520693	0.6737247353224253	0.0	0.0	0.0	0.0	0.0	0.0	0.0	0.0	0.6737247353224253	0.0	0.0	19.44177093358999	0.0	0.0	0.6737247353224253	0.0	0.0	0.0	0.0	0.0	0.0	0.0	49.47064485081809	0.0	0.0	0.0	0.0	3.3686236766121267	0.0	0.0	0.0	0.0	0.0	0.0	1.2512030798845042	0.0	0.0	0.0	0.0	0.0	0.0	0.0	0.0	0.0	0.0	0.0	0.0	0.0	0.0	0.0	0.0	0.0	0.0	0.0	0.0	0.0	0.0	0.0	0.0	0.0	0.0	0.0	0.0	0.0	ABX	met	IP
M12.d0	0.0	0.0	0.013875398917718886	0.0	0.0	0.0	0.0	0.07862726053374033	0.0	0.0	0.0	0.0	0.0	0.0	0.06012672864344851	0.05087646269830259	0.009250265945145926	0.0	0.0	0.0	27.255908607372465	0.0	0.0	0.0832523935063133	0.0	0.0	0.18038018593034552	0.0	0.0	0.013875398917718886	0.01850053189029185	0.013875398917718886	0.3838860367235558	0.0	0.0	0.0	0.0	0.0	0.0	0.0	0.0	0.013875398917718886	0.0	0.0	0.0	0.15262938809490773	0.10175292539660517	0.0	0.0	0.0	0.0	0.0	0.02312566486286481	0.0	0.0	0.1341288562046159	0.0	0.0	6.01267286434485	0.10175292539660516	0.0	0.24050691457379397	0.0	0.0	0.0	0.0	0.0	0.0	0.04162619675315665	62.70755284214421	0.0	0.0	0.0	0.0	0.966652791267749	0.0	0.0	0.0	0.0	0.0	0.0	1.091531381527219	0.037001063780583696	0.0	0.0	0.0	0.0	0.0	0.013875398917718886	0.0	0.0	0.0	0.0	0.0	0.17575505295777255	0.0	0.0	0.0	0.0	0.009250265945145926	0.0	0.0	0.0	0.0	0.0	0.0	0.0	0.0	0.0	0.013875398917718886	0.0	ABX	met	IV
M13.d0	0.0	0.0	0.0	0.04614674665436086	0.0	0.0	0.0	0.06152899553914782	0.0	0.0	0.0	0.0	0.0	0.0	0.0	0.0	0.0	0.0	0.0	0.0	38.578680203045685	0.0	0.0	0.13844023996308258	0.0	0.0	0.18458698661744344	0.0	0.0	0.0	0.0	0.0	0.7537301953545607	0.03076449776957391	0.0	0.0	0.0	0.0	0.0	0.0	0.0	0.0	0.0	0.0	0.0	0.16920473773265648	0.07691124442393477	0.0	0.0	0.0	0.0	0.0	0.03076449776957391	0.0	0.0	0.06152899553914782	0.0	0.0	6.998923242578064	0.0	0.0	0.7383479464697738	0.0	0.0	0.0	0.0	0.0	0.0	0.04614674665436086	49.269343177972615	0.0	0.0	0.0	0.0	1.645900630672204	0.0	0.0	0.0	0.0	0.0	0.0	0.8306414397784956	0.18458698661744344	0.0	0.0	0.0	0.0	0.0	0.0	0.0	0.0	0.0	0.0	0.07691124442393477	0.07691124442393477	0.0	0.0	0.0	0.0	0.0	0.0	0.0	0.0	0.0	0.0	0.0	0.0	0.0	0.0	0.0	0.0	ABX	met	IV
M14.d0	0.0	0.0	0.0	0.0	0.0	0.0	0.0	0.04060501471931784	0.0	0.0	0.0	0.0	0.0	0.0	0.2842351030352248	0.04060501471931784	0.0	0.0	0.0	0.0	29.93604710181707	0.0	0.0	0.1218150441579535	0.0	0.0	0.263932595675566	0.0	0.0	0.0710587757588062	0.0	0.02030250735965892	0.7410415186275505	0.0710587757588062	0.0	0.0	0.0	0.0	0.0	0.0	0.0	0.0	0.0	0.0	0.0	0.15226880519744188	0.13196629783778294	0.0	0.0	0.0	0.0	0.0	0.0	0.0	0.0	0.04060501471931784	0.0	0.0	7.430717693635164	0.0	0.0	0.6090752207897676	0.0	0.0	0.0	0.0	0.0	0.0	0.11166379047812407	57.01959191960207	0.0	0.0	0.0	0.0	1.4719317835752714	0.0	0.0	0.0	0.0	0.0	0.0	0.7105877575880621	0.21317632727641864	0.0	0.0	0.0	0.0	0.0	0.0	0.0	0.0	0.0	0.0	0.131966297837783	0.35529387879403107	0.0	0.0	0.0	0.0	0.030453761039488374	0.0	0.0	0.0	0.0	0.0	0.0	0.0	0.0	0.0	0.0	0.0	ABX	met	IV
M15.d0	0.0	0.0	0.0	0.0	0.0	0.0	0.0	0.0	0.0	0.0	0.0	0.0	0.0	0.0	0.0	0.19029495718363465	0.0	0.0	0.0	0.0	28.068506184586106	0.0	0.0	0.0	0.0	0.0	0.0	0.0	0.0	0.0	0.0	0.0	0.0	0.0	0.0	0.0	0.0	0.0	0.0	0.0	0.0	0.0	0.0	0.0	0.0	1.5223596574690772	0.0	0.0	0.0	0.0	0.0	0.0	0.0	0.0	0.0	0.8563273073263559	0.0	0.0	17.69743101807802	0.0	0.0	0.6660323501427212	0.0	0.0	0.0	0.0	0.0	0.0	1.2369172216936253	40.627973358705994	0.0	0.0	0.0	0.0	8.56327307326356	0.0	0.0	0.0	0.0	0.0	0.0	0.3805899143672693	0.0	0.0	0.0	0.0	0.0	0.0	0.0	0.0	0.0	0.0	0.0	0.0	0.19029495718363465	0.0	0.0	0.0	0.0	0.0	0.0	0.0	0.0	0.0	0.0	0.0	0.0	0.0	0.0	0.0	0.0	ABX	met	IV
M16.d0	0.0	0.0	0.03885507058671157	0.03885507058671157	0.0	0.0	0.0	0.31084056469369253	0.0	0.0	0.09066183136899367	0.0	0.0	0.0	0.22017873332469887	0.16837197254241681	0.0	0.0	0.0	0.0	35.40992099468981	0.0	0.0	0.18132366273798728	0.0	0.0	0.12951690195570523	0.0	0.0	0.0	0.0	0.0	0.5828260588006735	0.0	0.0	0.06475845097785261	0.0	0.0	0.0	0.0	0.0	0.0	0.0	0.0	0.0	1.0490869058412122	0.23313042352026936	0.0	0.0	0.0	0.0	0.0	0.0	0.0	0.0	0.0	0.0	0.0	12.330009066183136	0.0	0.0	1.9168501489444374	0.0	0.0	0.0	0.0	0.0	0.0	1.1138453568190647	41.36769848465225	0.0	0.0	0.0	0.0	2.7457583214609507	0.0	0.0	0.0	0.0	0.0	0.0	1.0879419764279237	0.34969563528040404	0.0	0.0	0.0	0.0	0.0	0.025903380391141043	0.0	0.0	0.0	0.0	0.025903380391141043	0.4792125372361093	0.0	0.0	0.0	0.0	0.0	0.0	0.0	0.0	0.0	0.03885507058671157	0.0	0.0	0.0	0.0	0.0	0.0	ABX	met	IV
M17.d0	0.0	0.0	0.0	0.0	0.0	0.0	0.0	0.09954210631096952	0.0	0.0	0.19908421262193904	0.0	0.0	0.0	0.0	0.27871789767071464	0.0	0.0	0.0	0.0	32.351184551065096	0.0	0.0	0.0	0.0	0.0	0.07963368504877562	0.11945052757316343	0.0	0.0	0.0	0.0	1.493131594664543	0.11945052757316343	0.0	0.0	0.0	0.0	0.0	0.0	0.03981684252438781	0.0	0.0	0.0	0.0	0.2588094764085208	0.09954210631096952	0.0	0.0	0.0	0.0	0.0	0.0	0.0	0.0	0.0	0.0	0.0	18.236113876169618	0.13935894883535732	0.0	0.27871789767071464	0.0	0.0	0.0	0.0	0.0	0.0	0.13935894883535732	42.40493728847302	0.0	0.0	0.0	0.03981684252438781	1.8116663348596453	0.0	0.0	0.0	0.0	0.0	0.0	1.0949631694206647	0.0	0.0	0.0	0.0	0.0	0.0	0.05972526378658172	0.0	0.0	0.05972526378658172	0.0	0.0	0.5176189528170414	0.0	0.0	0.0	0.0	0.0	0.0	0.0	0.07963368504877562	0.0	0.0	0.0	0.0	0.0	0.0	0.0	0.0	ABX	met	IV
M18.d0	0.0	0.0	0.0	0.0	0.0	0.0	0.0	0.5698005698005698	0.0	0.0	1.7094017094017093	0.0	0.0	0.0	0.0	0.0	0.0	0.0	0.0	0.0	39.03133903133902	0.0	0.0	0.0	0.0	0.0	0.0	0.0	0.0	0.0	0.0	0.0	0.0	0.0	0.0	0.0	0.0	0.0	0.0	0.0	0.5698005698005698	0.0	0.0	0.0	0.0	0.0	0.0	0.0	0.0	0.0	0.0	0.0	0.0	0.0	0.0	0.0	0.0	0.0	3.9886039886039875	0.0	0.0	0.0	0.0	0.0	0.0	0.0	0.0	0.0	0.0	54.13105413105413	0.0	0.0	0.0	0.0	0.0	0.0	0.0	0.0	0.0	0.0	0.0	0.0	0.0	0.0	0.0	0.0	0.0	0.0	0.0	0.0	0.0	0.0	0.0	0.0	0.0	0.0	0.0	0.0	0.0	0.0	0.0	0.0	0.0	0.0	0.0	0.0	0.0	0.0	0.0	0.0	0.0	ABX	met	IV
M2.d0	0.0	0.0	0.05516589171723541	0.011821262510836157	0.0	0.0	0.0	0.11821262510836157	0.0	0.0	0.011821262510836157	0.0	0.0	0.0	0.09062967924974388	0.10245094176058003	0.0	0.0	0.0	0.0	23.04752147529356	0.0	0.0	0.22460398770588696	0.0	0.0	0.17731893766254236	0.0	0.0	0.039404208369453866	0.0	0.08274883757585311	0.7999054298999133	0.05516589171723541	0.0	0.0	0.0	0.0	0.0	0.0	0.0	0.00788084167389077	0.0	0.0	0.0	0.13003388761919774	0.07092757506501693	0.0	0.0	0.011821262510836157	0.0	0.0	0.0	0.0	0.0	0.09062967924974388	0.0	0.0	13.46835842067933	0.15367641264087004	0.0	0.4767909212703917	0.0	0.0	0.0	0.0	0.0	0.0	0.5437780754984632	56.91543856883916	0.0	0.0	0.0	0.0	1.6943809598865158	0.0	0.0	0.0	0.0	0.0	0.0	1.0757348884860902	0.2955315627709039	0.0	0.0	0.0	0.0	0.0	0.0	0.0	0.0	0.0	0.0	0.05910631255418079	0.14973599180392466	0.0	0.0	0.0	0.0	0.0	0.0	0.0	0.0	0.0	0.019702104184726933	0.0	0.0	0.0	0.0	0.019702104184726933	0.0	ABX	met	PO
M3.d0	0.0	0.0	0.0536711034778875	0.0	0.0	0.0	0.0	0.08587376556462	0.0	0.0	0.0	0.0	0.0	0.0	0.0751395448690425	0.0	0.021468441391155	0.0	0.0	0.0	30.410047230571056	0.0	0.0	0.10734220695577498	0.0	0.0	0.10734220695577498	0.032202662086732496	0.0	0.06440532417346499	0.0	0.0751395448690425	1.524259338772005	0.0	0.0	0.0	0.0	0.0	0.0	0.0	0.021468441391155	0.06440532417346499	0.0	0.0	0.0	0.150279089738085	0.08587376556462	0.0	0.0	0.0	0.0	0.0	0.0	0.0	0.0	0.236152855302705	0.0	0.0	5.764276513525117	0.032202662086732496	0.0	1.6208673250322028	0.0	0.0	0.0	0.0	0.0	0.0	0.5367110347788749	56.29025332760841	0.0	0.0	0.0	0.0	0.7621296693860025	0.0	0.0	0.0	0.0	0.0	0.0	0.622584800343495	0.30055817947617003	0.0	0.0	0.0	0.0	0.0	0.0	0.0	0.0	0.0	0.0	0.3756977243452125	0.5259768140832974	0.0	0.0	0.0	0.0	0.0	0.0	0.0	0.0	0.0	0.0	0.0	0.0	0.0	0.0	0.0	0.0536711034778875	ABX	met	PO
M4.d0	0.0	0.0	0.0	0.0	0.0	0.0	0.0	0.0	0.0	0.0	0.0	0.0	0.0	0.0	0.5248091603053435	0.0	0.0	0.0	0.0	0.0	26.335877862595417	0.0	0.0	0.0	0.0	0.0	0.0	0.0	0.0	0.0	0.0	0.0	0.0	0.0	0.0	0.09541984732824427	0.0	0.0	0.0	0.0	0.0	0.0	0.0	0.0	0.0	0.333969465648855	0.1431297709923664	0.0	0.0	0.0	0.0	0.0	0.0	0.0	0.0	0.1431297709923664	0.0	0.0	22.566793893129773	0.0	0.0	2.051526717557252	0.0	0.0	0.0	0.0	0.0	0.0	0.333969465648855	41.221374045801525	0.0	0.0	0.0	0.0	3.864503816793893	0.0	0.0	0.0	0.0	0.0	0.0	1.8606870229007633	0.333969465648855	0.0	0.0	0.0	0.0	0.0	0.0	0.0	0.0	0.0	0.0	0.0	0.09541984732824427	0.0	0.0	0.0	0.0	0.0	0.0	0.0	0.09541984732824427	0.0	0.0	0.0	0.0	0.0	0.0	0.0	0.0	ABX	met	PO
M5.d0	0.0	0.0	0.0	0.0	0.0	0.0	0.0	0.0	0.0	0.0	0.0	0.0	0.0	0.0	0.0	0.0	0.0	0.0	0.0	0.0	37.32251521298174	0.0	0.0	0.0	0.0	0.0	0.0	0.0	0.0	0.0	0.0	0.40567951318458406	0.0	0.0	0.0	0.0	0.0	0.0	0.0	0.0	0.0	0.0	0.0	0.0	0.0	0.6085192697768762	0.40567951318458406	0.0	0.0	0.0	0.0	0.0	0.0	0.0	0.0	0.0	0.0	0.0	13.995943204868151	0.0	0.0	0.0	0.0	0.0	0.0	0.0	0.0	0.0	0.0	42.19066937119675	0.0	0.0	0.0	0.0	3.853955375253549	0.0	0.0	0.0	0.0	0.0	0.0	1.2170385395537524	0.0	0.0	0.0	0.0	0.0	0.0	0.0	0.0	0.0	0.0	0.0	0.0	0.0	0.0	0.0	0.0	0.0	0.0	0.0	0.0	0.0	0.0	0.0	0.0	0.0	0.0	0.0	0.0	0.0	ABX	met	PO
M6.d0	0.0	0.0	0.0	0.0	0.0	0.0	0.0	0.08525149190110826	0.0	0.0	0.0	0.0	0.0	0.0	0.07104290991759021	0.0	0.0	0.0	0.0	0.0	34.44160272804774	0.0	0.0	0.05683432793407217	0.0	0.0	0.41204887752202324	0.0	0.0	0.07104290991759021	0.0	0.0	0.31258880363739694	0.0	0.0	0.0	0.0	0.0	0.0	0.0	0.0	0.0	0.0	0.0	0.0	0.08525149190110826	0.05683432793407217	0.0	0.0	0.0	0.0	0.0	0.0	0.0	0.0	0.15629440181869847	0.0	0.0	3.736857061665245	0.0	0.0	0.07104290991759021	0.0	0.0	0.0	0.0	0.0	0.0	0.0	58.45410628019323	0.0	0.0	0.0	0.0	0.41204887752202324	0.0	0.0	0.0	0.0	0.0	0.0	0.667803353225348	0.35521454958795107	0.0	0.0	0.0	0.0	0.0	0.07104290991759021	0.0	0.0	0.0	0.0	0.0	0.4830917874396134	0.0	0.0	0.0	0.0	0.0	0.0	0.0	0.0	0.0	0.0	0.0	0.0	0.0	0.0	0.0	0.0	ABX	met	PO
M7.d0	0.0	0.0	0.042725913266396076	0.0	0.0	0.0	0.0	0.08545182653279215	0.0	0.0	0.21362956633198044	0.0	0.0	0.0	0.0	0.14954069643238627	0.0	0.0	0.0	0.0	30.762657551805173	0.0	0.0	0.2990813928647725	0.0	0.0	0.14954069643238624	0.0	0.0	0.042725913266396076	0.0	0.0	0.7049775688955353	0.0	0.0	0.0	0.0	0.0	0.0	0.0	0.0	0.0	0.0	0.0	0.0	0.5340739158299509	0.14954069643238627	0.0	0.0	0.0	0.0	0.0	0.0	0.0	0.0	0.23499252296517842	0.0	0.0	4.422132023071994	0.0	0.0	0.4913480025635548	0.0	0.0	0.0	0.0	0.0	0.0	0.0640888698995941	58.363597521897034	0.0	0.0	0.0	0.0	1.858577227088229	0.0	0.0	0.0	0.0	0.0	0.0	0.5554368724631489	0.640888698995941	0.0	0.0	0.0	0.0	0.0	0.042725913266396076	0.0	0.0	0.0	0.0	0.0	0.19226660969878231	0.0	0.0	0.0	0.0	0.0	0.0	0.0	0.0	0.0	0.0	0.0	0.0	0.0	0.0	0.0	0.0	ABX	met	IP
M8.d0	0.0	0.0	0.0	0.0	0.0	0.0	0.0	0.0	0.0	0.0	0.0	0.0	0.0	0.0	0.0	0.0	0.0	0.0	0.0	0.0	20.26785714285714	0.0	0.0	0.35714285714285715	0.0	0.0	0.5357142857142857	0.0	0.0	0.0	0.0	0.0	0.5357142857142857	0.0	0.0	0.0	0.0	0.0	0.0	0.0	0.0	0.0	0.0	0.0	0.0	0.0	0.0	0.0	0.0	0.0	0.0	0.0	0.0	0.0	0.0	0.0	0.0	0.0	1.875	0.0	0.0	0.0	0.0	0.0	0.0	0.0	0.0	0.0	0.17857142857142858	74.46428571428574	0.0	0.0	0.0	0.0	0.4464285714285714	0.0	0.0	0.0	0.0	0.0	0.0	0.5357142857142857	0.26785714285714285	0.0	0.0	0.0	0.0	0.0	0.26785714285714285	0.0	0.0	0.0	0.0	0.0	0.26785714285714285	0.0	0.0	0.0	0.0	0.0	0.0	0.0	0.0	0.0	0.0	0.0	0.0	0.0	0.0	0.0	0.0	ABX	met	IP
M9.d0	0.0	0.0	0.0	0.0	0.0	0.0	0.0	0.1483239394838327	0.0	0.0	0.0	0.0	0.0	0.0	0.14832393948383268	0.18787699001285474	0.0	0.0	0.0	0.0	26.352219914960944	0.0	0.0	0.14832393948383268	0.0	0.0	0.01977652526451102	0.059329575793533075	0.0	0.0	0.0	0.01977652526451102	0.26698309107089885	0.01977652526451102	0.0	0.0	0.0	0.0	0.0	0.0	0.0	0.0	0.0	0.0	0.0	0.6328488084643529	0.46474834371600915	0.0	0.0	0.0	0.0	0.0	0.0	0.0	0.0	0.2373183031741323	0.0	0.0	21.675071689904083	0.0	0.0	1.1272619400771287	0.0	0.0	0.0	0.0	0.0	0.0	0.6328488084643529	41.66913873232473	0.0	0.0	0.0	0.0	4.400276871353704	0.0	0.0	0.0	0.0	0.0	0.0	1.2459210916641945	0.35597745476119846	0.0	0.0	0.0	0.0	0.0	0.0	0.0	0.0	0.0	0.0	0.0	0.059329575793533075	0.0	0.0	0.0	0.0	0.0	0.0	0.0	0.0	0.0	0.12854741421932167	0.0	0.0	0.0	0.0	0.0	0.0	ABX	met	IP
N1.d0	0.0	0.0	0.0	0.0	0.0	0.0	0.0	0.3021148036253776	0.0	0.0	0.0	0.0	0.0	0.0	0.0	0.3021148036253776	0.0	0.0	0.0	0.0	41.993957703927485	0.0	0.0	0.45317220543806647	0.0	0.0	0.0	0.0	0.0	0.0	0.0	0.0	0.0	0.0	0.0	0.0	0.0	0.0	0.0	0.0	0.0	0.0	0.0	0.0	0.0	0.9063444108761329	0.45317220543806647	0.0	0.0	0.0	0.0	0.0	0.0	0.0	0.0	0.755287009063444	0.0	0.0	10.574018126888216	0.0	0.0	1.0574018126888218	0.0	0.0	0.0	0.0	0.0	0.0	0.45317220543806647	40.18126888217522	0.0	0.0	0.0	0.0	0.7552870090634441	0.0	0.0	0.0	0.0	0.0	0.0	0.9063444108761329	0.3021148036253776	0.0	0.0	0.0	0.0	0.0	0.0	0.0	0.0	0.0	0.0	0.0	0.6042296072507553	0.0	0.0	0.0	0.0	0.0	0.0	0.0	0.0	0.0	0.0	0.0	0.0	0.0	0.0	0.0	0.0	ABX	neo	PO
N10.d0	0.0	0.0	0.0	0.0	0.0	0.0	0.0	0.0	0.0	0.0	0.0	0.0	0.0	0.0	0.0	0.0	0.0	0.0	0.0	0.0	21.472392638036805	0.0	0.0	0.0	0.0	0.0	0.0	0.0	0.0	0.0	0.0	0.0	0.0	0.0	0.0	0.0	0.0	0.0	0.0	0.0	0.0	0.0	0.0	0.0	0.0	0.6134969325153373	0.8179959100204498	0.0	0.0	0.0	0.0	0.0	0.0	0.0	0.0	0.0	0.0	0.0	25.97137014314928	0.0	0.0	1.2269938650306746	0.0	0.0	0.0	0.0	0.0	0.0	1.0224948875255622	44.98977505112474	0.0	0.0	0.0	0.0	2.249488752556237	0.0	0.0	0.0	0.0	0.0	0.0	1.6359918200408996	0.0	0.0	0.0	0.0	0.0	0.0	0.0	0.0	0.0	0.0	0.0	0.0	0.0	0.0	0.0	0.0	0.0	0.0	0.0	0.0	0.0	0.0	0.0	0.0	0.0	0.0	0.0	0.0	0.0	ABX	neo	IP
N11.d0	0.0	0.0	0.0	0.0	0.0	0.0	0.0	0.0	0.0	0.0	0.0	0.0	0.0	0.0	0.0	0.0	0.0	0.0	0.0	0.0	58.608058608058606	0.0	0.0	0.0	0.0	0.0	0.0	0.0	0.0	0.0	0.0	0.0	0.0	0.0	0.0	0.0	0.0	0.0	0.0	0.0	0.0	0.0	0.0	0.0	0.0	0.0	0.0	0.0	0.0	0.0	0.0	0.0	0.0	0.0	0.0	0.0	0.0	0.0	3.2967032967032965	0.0	0.0	0.0	0.0	0.0	0.0	0.0	0.0	0.0	0.0	37.362637362637365	0.0	0.0	0.0	0.0	0.7326007326007326	0.0	0.0	0.0	0.0	0.0	0.0	0.0	0.0	0.0	0.0	0.0	0.0	0.0	0.0	0.0	0.0	0.0	0.0	0.0	0.0	0.0	0.0	0.0	0.0	0.0	0.0	0.0	0.0	0.0	0.0	0.0	0.0	0.0	0.0	0.0	0.0	ABX	neo	IP
N12.d0	0.0	0.0	0.16220600162206006	0.0	0.0	0.0	0.0	0.0	0.0	0.0	0.0	0.0	0.0	0.0	0.0	0.0	0.0	0.0	0.0	0.0	12.489862124898622	0.0	0.0	0.4866180048661801	0.7299270072992702	0.0	1.4598540145985404	0.0	0.0	0.0	0.0	0.0	0.0	0.0	0.0	0.0	0.0	0.0	0.0	0.0	0.0	0.0	0.0	0.0	0.0	0.0	0.24330900243309006	0.0	0.0	0.0	0.0	0.0	0.0	0.0	0.0	0.0	0.0	0.0	2.6763990267639906	0.24330900243309006	0.0	0.5677210056772101	0.0	0.0	0.0	0.0	0.0	0.0	0.0	79.48094079480941	0.0	0.0	0.0	0.0	0.7299270072992702	0.0	0.0	0.0	0.0	0.0	0.0	0.7299270072992702	0.0	0.0	0.0	0.0	0.0	0.0	0.0	0.0	0.0	0.0	0.0	0.0	0.0	0.0	0.0	0.0	0.0	0.0	0.0	0.0	0.0	0.0	0.0	0.0	0.0	0.0	0.0	0.0	0.0	ABX	neo	IV
N13.d0	0.0	0.0	0.0	0.05162622612287042	0.0	0.0	0.0	0.18585441404233352	0.0	0.0	0.0	0.0	0.0	0.0	0.061951471347444505	0.17552916881775943	0.0	0.0	0.0	0.0	19.28755807950439	0.0	0.0	0.22715539494062986	0.0	0.0	0.0	0.10325245224574084	0.0	0.0	0.0	0.08260196179659268	0.6504904491481673	0.12390294269488901	0.0	0.0	0.0	0.0	0.0	0.0	0.0	0.0	0.0	0.0	0.0	0.619514713474445	0.24780588538977805	0.0	0.0	0.0	0.0	0.0	0.0	0.0	0.0	0.23748064016520393	0.0	0.0	30.139390810531747	0.0	0.0	0.7124419204956118	0.0	0.0	0.0	0.0	0.0	0.0	0.3200826019617966	40.702116675271036	0.0	0.0	0.0	0.0	4.367578729994837	0.0	0.0	0.0	0.0	0.0	0.0	0.37170882808466704	0.5575632421270006	0.0	0.0	0.0	0.0	0.0	0.0	0.0	0.0	0.02065049044914817	0.0	0.10325245224574085	0.3820340733092411	0.0	0.0	0.0	0.0	0.0	0.0	0.0	0.08260196179659268	0.0	0.18585441404233352	0.0	0.0	0.0	0.0	0.0	0.0	ABX	neo	IV
N14.d0	0.0	0.0	0.010184855120435913	0.015277282680653868	0.0	0.0	0.0	0.09166369608392319	0.0	0.0	0.0	0.0	0.0	0.0	0.030554565361307733	0.05601670316239751	0.010184855120435913	0.0	0.0	0.0	41.20283138972348	0.0	0.0	0.23934409533024395	0.0	0.0	0.07129398584305138	0.035646992921525684	0.0	0.1374955441258848	0.0	0.015277282680653868	0.3564699292152569	0.0	0.010184855120435913	0.010184855120435913	0.0	0.0	0.0	0.0	0.0	0.0	0.0	0.0	0.0	0.2749910882517696	0.13240311656566683	0.0	0.0	0.0	0.0	0.0	0.010184855120435913	0.0	0.0	0.3921169221367826	0.0	0.0	7.689565615929114	0.020369710240871825	0.0	0.2648062331313337	0.0	0.0	0.0	0.0	0.0	0.0	0.03564699292152569	45.70962978051637	0.0	0.0	0.0	0.0	1.6448541019503997	0.0	0.0	0.0	0.0	0.0	0.0	0.7231247135509498	0.10184855120435912	0.0	0.0	0.0	0.0	0.0	0.020369710240871825	0.0	0.015277282680653868	0.0	0.0	0.22915924020980802	0.3615623567754749	0.0	0.0	0.0	0.0	0.010184855120435913	0.0	0.0	0.03564699292152569	0.010184855120435913	0.025462137801089774	0.0	0.0	0.0	0.0	0.0	0.0	ABX	neo	IV
N15.d0	0.0	0.0	0.0	0.0	0.0	0.0	0.0	0.02087900615930681	0.0	0.0	0.02087900615930681	0.0	0.0	0.0	0.06263701847792046	0.10439503079653409	0.0	0.0	0.0	0.0	14.437832759160667	0.0	0.0	0.15659254619480112	0.0	0.0	0.3549431047082159	0.03131850923896023	0.0	0.0	0.0	0.0	0.5637331663012841	0.03131850923896023	0.0	0.0	0.0	0.0	0.0	0.0	0.0	0.0	0.0	0.0	0.0	0.3549431047082159	0.3549431047082159	0.0	0.0	0.0	0.0	0.0	0.041758012318613626	0.0	0.0	0.11483453387618747	0.0	0.0	6.963148554128823	0.06263701847792046	0.0	0.4906566447437103	0.0	0.0	0.0	0.0	0.0	0.0	0.0	73.1809165883704	0.0	0.0	0.0	0.0	1.3988934126735566	0.0	0.0	0.0	0.0	0.0	0.0	0.5428541601419772	0.42801962626578977	0.0	0.0	0.0	0.0	0.0	0.0	0.0	0.0	0.0	0.0	0.02087900615930681	0.2609875769913352	0.0	0.0	0.0	0.0	0.0	0.0	0.0	0.0	0.0	0.0	0.0	0.0	0.0	0.0	0.0	0.0	ABX	neo	IV
N16.d0	0.0	0.0	0.0	0.0	0.0	0.0	0.0	0.9107468123861568	0.0	0.0	0.0	0.0	0.0	0.0	0.0	0.0	0.0	0.0	0.0	0.0	39.89071038251366	0.0	0.0	0.0	0.0	0.0	0.0	0.0	0.0	0.0	0.0	0.0	0.0	0.0	0.0	0.0	0.0	0.0	0.0	0.0	0.0	0.0	0.0	0.0	0.0	1.457194899817851	0.0	0.0	0.0	0.0	0.0	0.0	0.0	0.0	0.0	0.0	0.0	0.0	12.38615664845173	0.0	0.0	0.0	0.0	0.0	0.0	0.0	0.0	0.0	0.3642987249544626	44.44444444444444	0.0	0.0	0.0	0.0	0.546448087431694	0.0	0.0	0.0	0.0	0.0	0.0	0.0	0.0	0.0	0.0	0.0	0.0	0.0	0.0	0.0	0.0	0.0	0.0	0.0	0.0	0.0	0.0	0.0	0.0	0.0	0.0	0.0	0.0	0.0	0.0	0.0	0.0	0.0	0.0	0.0	0.0	ABX	neo	IV
N17.d0	0.0	0.0	0.0	0.0	0.0	0.0	0.0	0.0	0.0	0.0	0.0	0.0	0.0	0.0	0.0	0.0	0.0	0.0	0.0	0.0	44.17314095449502	0.0	0.0	0.8879023307436182	0.0	0.0	0.0	0.0	0.0	0.0	0.0	0.0	0.0	0.0	0.0	0.0	0.0	0.0	0.0	0.0	0.0	0.0	0.0	0.0	0.0	0.33296337402885684	0.22197558268590456	0.0	0.0	0.0	0.0	0.0	0.0	0.0	0.0	0.0	0.0	0.0	12.874583795782465	0.0	0.0	0.5549389567147613	0.0	0.0	0.0	0.0	0.0	0.0	0.0	36.62597114317425	0.0	0.0	0.0	0.0	2.2197558268590454	0.0	0.0	0.0	0.0	0.0	0.0	1.1098779134295227	0.33296337402885684	0.0	0.0	0.0	0.0	0.0	0.0	0.0	0.0	0.0	0.0	0.0	0.6659267480577137	0.0	0.0	0.0	0.0	0.0	0.0	0.0	0.0	0.0	0.0	0.0	0.0	0.0	0.0	0.0	0.0	ABX	neo	IV
N18.d0	0.0	0.0	0.0	0.011838522552385464	0.0	0.0	0.0	0.10654670297146918	0.0	0.0	0.03551556765715639	0.0	0.0	0.0	0.04143482893334912	0.08878891914289097	0.0	0.0	0.0	0.0	25.63040132591453	0.0	0.0	0.2959630638096366	0.0	0.0	0.05327335148573458	0.04735409020954186	0.0	0.011838522552385464	0.0	0.07103113531431278	0.8701314076003315	0.09470818041908372	0.0	0.029596306380963656	0.0	0.0	0.0	0.0	0.017757783828578195	0.0	0.0	0.0	0.0	0.18941636083816743	0.11246596424766189	0.0	0.0	0.0	0.0	0.0	0.02959630638096366	0.0	0.0	0.07103113531431278	0.0	0.0	11.063099325204215	0.14798153190481828	0.0	0.9530010654670298	0.0	0.0	0.0	0.0	0.0	0.0	0.4025097667811057	56.55854149402154	0.0	0.0	0.0	0.0	1.1779329939623535	0.0	0.0	0.0	0.0	0.0	0.0	1.254883390552859	0.2604474961524802	0.0	0.0	0.0	0.0	0.0	0.0	0.0	0.0	0.0	0.0	0.1302237480762401	0.15390079318101102	0.0	0.0	0.0	0.0	0.017757783828578195	0.0	0.0	0.0	0.0	0.07103113531431278	0.0	0.0	0.0	0.0	0.0	0.0	ABX	neo	IV
N2.d0	0.0	0.0	0.0	0.0	0.0	0.0	0.0	0.1239349341595662	0.0	0.0	0.2478698683191324	0.0	0.0	0.0	0.030983733539891554	0.10844306738962045	0.030983733539891554	0.0	0.0	0.0	18.218435321456234	0.0	0.0	0.0	0.0	0.0	0.8210689388071264	0.0	0.0	0.0	0.0	0.0	1.5491866769945775	0.0	0.0	0.0	0.0	0.0	0.0	0.0	0.0	0.0	0.0	0.0	0.0	0.07745933384972889	0.06196746707978311	0.0	0.0	0.0	0.0	0.0	0.030983733539891554	0.0	0.0	0.046475600309837335	0.0	0.0	4.074360960495739	0.046475600309837335	0.0	0.4337722695584818	0.0	0.0	0.0	0.0	0.0	0.0	0.3098373353989156	72.20759101471727	0.0	0.0	0.0	0.0	0.5422153369481023	0.0	0.0	0.0	0.0	0.0	0.0	0.8365608055770721	0.0	0.0	0.0	0.0	0.0	0.0	0.0	0.0	0.0	0.0	0.0	0.0	0.20139426800929514	0.0	0.0	0.0	0.0	0.0	0.0	0.0	0.0	0.0	0.0	0.0	0.0	0.0	0.0	0.0	0.0	ABX	neo	PO
N3.d0	0.0	0.0	0.0	0.027438606118809165	0.0	0.0	0.0	0.13719303059404583	0.0	0.0	0.0	0.0	0.0	0.0	0.05487721223761833	0.10975442447523666	0.0	0.0	0.0	0.0	45.1776649746193	0.0	0.0	0.2195088489504733	0.0	0.0	0.05487721223761833	0.21950884895047332	0.0	0.0823158183564275	0.0	0.0	1.3719303059404584	0.05487721223761833	0.0	0.0	0.0	0.0	0.0	0.0	0.0	0.0	0.0	0.0	0.0	0.27438606118809167	0.05487721223761833	0.0	0.0	0.0	0.0	0.0	0.0	0.0	0.0	0.5624914254355878	0.0	0.0	11.126354781177117	0.05487721223761833	0.0	1.1935793661681988	0.0	0.0	0.0	0.0	0.0	0.0	0.15091233365345041	35.10769652901632	0.0	0.0	0.0	0.0	2.3322815200987788	0.0	0.0	0.0	0.0	0.0	0.0	0.7134037590890383	0.6996844560296336	0.0	0.0	0.0	0.0	0.0	0.0	0.0	0.0	0.0	0.0	0.05487721223761833	0.05487721223761833	0.0	0.0	0.0	0.0	0.0	0.0	0.0	0.05487721223761833	0.0	0.05487721223761833	0.0	0.0	0.0	0.0	0.0	0.0	ABX	neo	PO
N4.d0	0.0	0.0	0.0	0.037902716361339225	0.0	0.0505369551484523	0.0	0.2021478205938092	0.0	0.0	0.0	0.0	0.0	0.0	0.41692987997473147	0.2021478205938092	0.0	0.0	0.0	0.0	11.37081490840177	0.0	0.0	0.6822488945041059	0.0	0.0	0.0	0.17687934301958305	0.0	0.0	0.0	0.06317119393556538	0.6064434617814276	0.06317119393556538	0.0	0.0	0.0	0.0	0.0	0.0	0.0	0.0	0.0	0.0	0.0	0.8843967150979153	0.5685407454200884	0.0	0.0	0.0	0.0	0.0	0.0	0.0	0.0	0.0	0.0	0.0	34.08717624763107	0.07580543272267845	0.0	1.667719519898926	0.0	0.0	0.0	0.0	0.0	0.0	1.0991787744788375	35.578016424510416	0.0	0.0	0.0	0.0	7.858496525584332	0.0	0.0	0.0	0.0	0.0	0.0	3.4365129500947567	0.7959570435881237	0.0	0.0	0.0	0.0	0.0	0.0	0.0	0.0	0.0	0.0	0.037902716361339225	0.0	0.0	0.0	0.0	0.0	0.0	0.0	0.0	0.0	0.0	0.037902716361339225	0.0	0.0	0.0	0.0	0.0	0.0	ABX	neo	PO
N5.d0	0.0	0.0	0.0	0.017536168347216132	0.0	0.0	0.0	0.131521262604121	0.0	0.0	0.10521701008329679	0.0	0.0	0.0	0.035072336694432264	0.04384042086804034	0.0	0.0	0.0	0.0	33.96755808855765	0.0	0.0	0.41209995615957906	0.061376589215256475	0.0	0.20166593599298557	0.09644892590968873	0.0	0.0	0.017536168347216132	0.14028934677772908	0.35949145111793074	0.0	0.0	0.0	0.0	0.0	0.0	0.0	0.0	0.0	0.0	0.0	0.0	1.3941253836036827	0.5348531345900922	0.0	0.0	0.0	0.0	0.0	0.0	0.0	0.0	0.08768084173608068	0.0	0.0	13.1521262604121	0.035072336694432264	0.0	0.46470846120122755	0.0	0.0	0.0	0.0	0.0	0.0	0.46470846120122755	41.93774660236738	0.0	0.0	0.0	0.0	5.44498027181061	0.0	0.0	0.0	0.0	0.0	0.0	0.3594914511179307	0.3156510302498904	0.0	0.0	0.0	0.0	0.0	0.0	0.0	0.0	0.0	0.0	0.043840420868040325	0.10521701008329681	0.0	0.0	0.0	0.0	0.0	0.0	0.0	0.0	0.0	0.07014467338886453	0.0	0.0	0.0	0.0	0.0	0.0	ABX	neo	PO
N6.d0	0.0	0.0	0.0	0.0	0.0	0.0	0.0	0.0	0.0	0.0	0.21786492374727673	0.0	0.0	0.0	0.0	0.0	0.0	0.0	0.0	0.0	13.616557734204793	0.0	0.0	0.0	0.0	0.0	0.0	0.0	0.0	0.0	0.0	0.0	0.6535947712418302	0.0	0.0	0.0	0.0	0.0	0.0	0.0	0.0	0.0	0.0	0.0	0.0	0.0	0.43572984749455346	0.0	0.0	0.0	0.0	0.0	0.0	0.0	0.0	0.43572984749455346	0.0	0.0	30.28322440087146	0.0	0.0	0.6535947712418302	0.0	0.0	0.0	0.0	0.0	0.0	0.8714596949891069	45.751633986928105	0.0	0.0	0.0	0.0	5.446623093681918	0.0	0.0	0.0	0.0	0.0	0.0	1.3071895424836601	0.0	0.0	0.0	0.0	0.0	0.0	0.0	0.0	0.0	0.0	0.0	0.0	0.0	0.0	0.0	0.0	0.0	0.0	0.0	0.0	0.0	0.0	0.3267973856209151	0.0	0.0	0.0	0.0	0.0	0.0	ABX	neo	PO
N7.d0	0.0	0.0	0.0	0.0	0.0	0.0	0.0	0.0	0.0	0.0	0.0	0.0	0.0	0.0	0.07139457401237506	0.1665873393622085	0.0	0.0	0.0	0.0	17.420276059019518	0.0	0.0	0.0	0.0	0.0	0.1665873393622085	0.0	0.0	0.0	0.0	0.09519276534983338	0.880533079485959	0.0	0.0	0.0	0.0	0.0	0.0	0.0	0.0	0.0	0.0	0.0	0.0	0.21418372203712518	0.2617801047120419	0.0	0.0	0.0	0.0	0.0	0.0	0.0	0.0	0.11899095668729176	0.0	0.0	5.2594002855782955	0.09519276534983338	0.0	0.21418372203712518	0.0	0.0	0.0	0.0	0.0	0.0	0.28557829604950025	72.94145644930985	0.0	0.0	0.0	0.0	0.3331746787244169	0.0	0.0	0.0	0.0	0.0	0.0	0.9519276534983341	0.333174678724417	0.0	0.0	0.0	0.0	0.0	0.0	0.0	0.0	0.0	0.0	0.047596382674916705	0.14278914802475012	0.0	0.0	0.0	0.0	0.0	0.0	0.0	0.0	0.0	0.0	0.0	0.0	0.0	0.0	0.0	0.0	ABX	neo	IP
N8.d0	0.0	0.0	0.0	0.0	0.0	0.0	0.0	0.25477707006369427	0.0	0.0	0.015286624203821656	0.0	0.0	0.0	0.41273885350318473	0.05605095541401274	0.025477707006369425	0.0	0.0	0.0	33.60509554140127	0.0	0.0	0.13248407643312102	0.0	0.0	0.17324840764331212	0.02038216560509554	0.0	0.13248407643312102	0.0	0.061146496815286625	1.579617834394904	0.07643312101910829	0.0	0.0	0.0	0.0	0.0	0.0	0.0	0.0	0.0	0.0	0.0	0.07133757961783439	0.015286624203821656	0.0	0.0	0.0	0.0	0.0	0.0	0.0	0.0	0.8	0.0	0.0	7.454777070063695	0.07133757961783439	0.0	0.29044585987261146	0.0	0.0	0.0	0.0	0.0	0.0	0.1834394904458599	51.80127388535031	0.0	0.0	0.0	0.0	0.3923566878980892	0.0	0.0	0.0	0.0	0.0	0.0	1.0089171974522293	0.4585987261146497	0.0	0.0	0.0	0.0	0.0	0.030573248407643312	0.0	0.0	0.0	0.0	0.030573248407643312	0.845859872611465	0.0	0.0	0.0	0.0	0.0	0.0	0.0	0.0	0.0	0.0	0.0	0.0	0.0	0.0	0.0	0.0	ABX	neo	IP
N9.d0	0.0	0.0	0.0	0.0	0.0	0.0	0.0	0.10504201680672268	0.0	0.0	0.1750700280112045	0.0	0.0	0.0	0.1750700280112045	0.0	0.0	0.0	0.0	0.0	11.379551820728292	0.0	0.0	0.3151260504201681	0.0	0.0	1.6806722689075628	0.0	0.0	0.0	0.0	0.0	4.30672268907563	0.0	0.0700280112044818	0.0	0.0	0.0	0.0	0.0	0.0	0.0	0.0	0.0	0.0	0.10504201680672268	0.1750700280112045	0.0	0.0	0.10504201680672268	0.0	0.0	0.0700280112044818	0.0	0.0	0.0	0.0	0.0	5.077030812324931	0.4201680672268907	0.0	0.7352941176470589	0.0	0.0	0.0	0.0	0.0	0.0	0.0	73.35434173669468	0.0	0.0	0.0	0.10504201680672268	0.5952380952380953	0.0	0.0	0.0	0.0	0.0	0.0	0.42016806722689076	0.0	0.0	0.0	0.0	0.0	0.0	0.1400560224089636	0.0	0.0	0.0	0.0	0.21008403361344538	0.2801120448179272	0.0	0.0	0.0	0.0	0.0	0.0	0.0	0.0	0.0	0.0	0.0	0.0	0.0	0.0	0.0	0.0	ABX	neo	IP
V1.d0	0.0	0.0	0.0	0.0	0.0	0.0	0.0	0.0	0.0	0.0	0.0	0.0	0.0	0.0	0.03431708991077557	0.06863417982155114	0.0	0.0	0.0	0.0	9.763212079615649	0.0	0.0	0.10295126973232673	0.0	0.0	0.09437199725463281	0.0	0.0	0.0	0.0	0.0	0.23164035689773507	0.0	0.0	0.0	0.0	0.0	0.0	0.0	0.0	0.02573781743308168	0.0	0.0	0.0	0.04289636238846945	0.5061770761839396	0.0	0.0	0.0	0.0	0.0	0.06863417982155114	0.0	0.0	0.0	0.0	0.0	4.8644474948524365	0.18874399450926563	0.0	0.6005490734385723	0.0	0.0	0.0	0.0	0.0	0.0	0.25737817433081683	81.14275909402883	0.0	0.0	0.0	0.0	0.36032944406314343	0.0	0.0	0.0	0.0	0.0	0.0	1.286890871654084	0.0857927247769389	0.0	0.0	0.0	0.0	0.0	0.0	0.0	0.0	0.0	0.0	0.017158544955387784	0.22306108442004116	0.0	0.0	0.0	0.0	0.0	0.0	0.0	0.03431708991077557	0.0	0.0	0.0	0.0	0.0	0.0	0.0	0.0	ABX	van	PO
V10.d0	0.0	0.0	0.0	0.0	0.0	0.0	0.0	0.0	0.0	0.0	0.0	0.0	0.0	0.0	0.11279407025459233	0.0	0.0	0.0	0.0	0.0	51.401869158878505	0.0	0.0	0.06445375443119562	0.0	0.0	0.2094747019013857	0.0	0.0	0.0	0.0	0.0	0.11279407025459233	0.0	0.0	0.0	0.0	0.0	0.0	0.0	0.0	0.0	0.0	0.0	0.0	0.0	0.0	0.0	0.0	0.0	0.0	0.0	0.0	0.0	0.0	0.12890750886239125	0.0	0.0	5.833064776023203	0.04834031582339672	0.0	0.6928778601353528	0.0	0.0	0.0	0.0	0.0	0.0	0.03222687721559781	40.13857557202707	0.0	0.0	0.0	0.0	0.4189494038027715	0.0	0.0	0.0	0.0	0.0	0.0	0.40283596519497256	0.0	0.0	0.0	0.0	0.0	0.0	0.0	0.0	0.0	0.0	0.0	0.0	0.2739284563325814	0.0	0.0	0.0	0.0	0.0	0.0	0.0	0.12890750886239125	0.0	0.0	0.0	0.0	0.0	0.0	0.0	0.0	ABX	van	IP
V12.d0	0.0	0.0	0.0	0.0	0.0	0.0	0.0	0.0	0.0	0.0	0.0	0.0	0.0	0.0	0.0	0.0	0.0	0.0	0.0	0.0	26.66666666666667	0.0	0.0	0.0	0.0	0.0	0.0	0.0	0.0	0.0	0.0	0.0	0.0	0.0	0.0	0.0	0.0	0.0	0.0	0.0	0.0	0.0	0.0	0.0	0.0	0.0	0.0	0.0	0.0	0.0	0.0	0.0	0.0	0.0	0.0	0.0	0.0	0.0	9.25925925925926	0.0	0.0	0.0	0.0	0.0	0.0	0.0	0.0	0.0	0.0	64.07407407407408	0.0	0.0	0.0	0.0	0.0	0.0	0.0	0.0	0.0	0.0	0.0	0.0	0.0	0.0	0.0	0.0	0.0	0.0	0.0	0.0	0.0	0.0	0.0	0.0	0.0	0.0	0.0	0.0	0.0	0.0	0.0	0.0	0.0	0.0	0.0	0.0	0.0	0.0	0.0	0.0	0.0	ABX	van	IV
V13.d0	0.0	0.0	0.0906207521522429	0.041824962531804406	0.0	0.0	0.0	0.2509497751908264	0.0	0.0	0.0	0.0	0.0	0.0	0.16381443658290057	0.41127879822941	0.03833954898748737	0.0	0.0	0.0	7.4657558119270835	0.0	0.0	1.056080303928061	0.0	0.0	0.24397894810219237	0.23003729392492417	0.0	0.0	0.0	0.19866857202607088	0.4112787982294099	0.08364992506360878	0.0	0.0	0.0	0.0	0.0	0.006970827088634067	0.0	0.0	0.0	0.0	0.0	0.623889024432749	0.20215398557038794	0.0	0.0	0.0	0.0	0.0	0.017427067721585168	0.0	0.0	0.08713533860792583	0.0	0.0	29.46220069011188	0.09759157924087694	0.0	0.7911888745599666	0.0	0.0	0.0	0.0	0.0	0.0	1.86818165975393	43.11108012965738	0.0	0.0	0.0	0.0	9.51866438952982	0.0	0.0	0.0	0.0	0.0	0.0	1.9518315848175387	1.1954968457007424	0.0	0.0	0.0	0.0	0.0	0.013941654177268134	0.0	0.010456240632951102	0.006970827088634067	0.0	0.08016451151929177	0.1916977449374368	0.0	0.0	0.0	0.0	0.0	0.0	0.0	0.059252030253389563	0.0	0.017427067721585168	0.0	0.0	0.0	0.0	0.0	0.0	ABX	van	IV
V14.d0	0.0	0.0	0.0	0.0	0.0	0.0	0.0	0.15137753557372086	0.0	0.0	0.0	0.0	0.0	0.0	0.060551014229488345	0.030275507114744173	0.0	0.0	0.0	0.0	33.46957311534969	0.0	0.0	0.5903723887375113	0.0	0.0	0.045413260672116255	0.12110202845897668	0.0	0.0	0.0	0.0	0.6055101422948834	0.0	0.0	0.0	0.0	0.0	0.0	0.0	0.0	0.0	0.0	0.0	0.0	0.6509234029669998	0.2724795640326976	0.0	0.0	0.0	0.0	0.0	0.0	0.0	0.0	0.10596427490160461	0.0	0.0	13.745080230093853	0.0	0.0	0.5600968816227672	0.0	0.0	0.0	0.0	0.0	0.0	0.18165304268846502	44.67151074780502	0.0	0.0	0.0	0.0	3.708749621556161	0.0	0.0	0.0	0.0	0.0	0.0	0.6206478958522555	0.13623978201634876	0.0	0.0	0.0	0.0	0.0	0.0	0.0	0.0	0.0	0.0	0.0	0.24220405691795335	0.0	0.0	0.0	0.0	0.0	0.0	0.0	0.0	0.0	0.030275507114744173	0.0	0.0	0.0	0.0	0.0	0.0	ABX	van	IV
V15.d0	0.0	0.0	0.0	0.0	0.0	0.0	0.0	0.35669168462510215	0.0	0.0	0.0	0.0	0.0	0.0	0.08917292115627555	0.08174184439325258	0.04458646057813777	0.0	0.0	0.0	24.061826558668354	0.0	0.0	0.5276064501746303	0.0	0.0	0.014862153526045925	0.20063907260161998	0.0	0.0	0.0	0.014862153526045925	0.3715538381511481	0.07431076763022962	0.0	0.0	0.0	0.0	0.0	0.0	0.0	0.0	0.0	0.0	0.0	0.6613658319090435	0.609348294567883	0.0	0.0	0.0	0.0	0.0	0.0	0.0	0.0	0.09660399791929852	0.0	0.0	27.14572341532288	0.08174184439325258	0.0	0.594486141041837	0.0	0.0	0.0	0.0	0.0	0.0	0.6836590621981126	36.09273983800253	0.0	0.0	0.0	0.0	6.346139555621609	0.0	0.0	0.0	0.0	0.0	0.0	0.8694359812736866	0.5201753734116074	0.0	0.0	0.0	0.0	0.0	0.0	0.0	0.022293230289068888	0.0	0.0	0.11889722820836739	0.2377944564167348	0.0	0.0	0.0	0.0	0.0	0.0	0.0	0.0	0.0	0.059448614104183686	0.022293230289068888	0.0	0.0	0.0	0.0	0.0	ABX	van	IV
V16.d0	0.0	0.0	0.09697492120787654	0.0	0.0	0.0	0.0	0.0673436952832476	0.0	0.0	0.013468739056649519	0.0	0.0	0.0	0.4229184063787949	0.06464994747191768	0.005387495622659807	0.0	0.0	0.0	31.158580933652996	0.0	0.0	0.4040621716994856	0.0	0.0	0.05118120841526817	0.08081243433989711	0.0	0.1481561296231447	0.0	0.2828435201896399	0.7946556043423216	0.029631225924628943	0.0	0.0	0.0	0.0	0.0	0.0	0.0	0.0	0.0	0.0	0.0	0.17509360773644372	0.12391239932117556	0.0	0.0	0.0	0.0	0.0	0.03232497373595884	0.0	0.0	0.43638714543544427	0.0	0.0	14.064057322953428	0.13738113837782506	0.0	0.5145058319640116	0.0	0.0	0.0	0.0	0.0	0.0	0.3959809282654958	46.87390566495166	0.0	0.0	0.0	0.0	2.2304231877811604	0.0	0.0	0.0	0.0	0.0	0.0	0.6411119790965171	0.250518546453681	0.0	0.0	0.0	0.0	0.0	0.02154998249063923	0.0	0.0	0.005387495622659807	0.008081243433989709	0.0727311909059074	0.2666810333216605	0.0	0.0	0.0	0.0	0.008081243433989709	0.0	0.0	0.08619992996255692	0.0	0.018856234679309327	0.016162486867979418	0.0	0.0	0.0	0.0	0.0	ABX	van	IV
V17.d0	0.0	0.0	0.0	0.0	0.0	0.0	0.0	0.0	0.0	0.0	0.0	0.0	0.0	0.0	0.0	0.0	0.0	0.0	0.0	0.0	24.815724815724813	0.0	0.0	0.0	0.0	0.0	0.0	0.0	0.0	0.0	0.0	0.0	0.0	0.0	0.0	0.0	0.0	0.0	0.0	0.0	0.0	0.0	0.0	0.0	0.0	0.0	0.0	0.0	0.0	0.0	0.0	0.0	0.0	0.0	0.0	0.0	0.0	0.0	25.798525798525805	0.0	0.0	2.211302211302211	0.0	0.0	0.0	0.0	0.0	0.0	0.0	46.68304668304668	0.0	0.0	0.0	0.0	0.0	0.0	0.0	0.0	0.0	0.0	0.0	0.49140049140049147	0.0	0.0	0.0	0.0	0.0	0.0	0.0	0.0	0.0	0.0	0.0	0.0	0.0	0.0	0.0	0.0	0.0	0.0	0.0	0.0	0.0	0.0	0.0	0.0	0.0	0.0	0.0	0.0	0.0	ABX	van	IV
V18.d0	0.0	0.0	0.0	0.0	0.0	0.0	0.0	0.12795905310300706	0.0	0.0	0.0	0.0	0.0	0.0	0.0	0.0	0.0	0.0	0.0	0.0	32.50159948816379	0.0	0.0	0.0	0.0	0.0	0.0	0.0	0.0	0.0	0.0	0.12795905310300706	0.0	0.0	0.0	0.0	0.0	0.0	0.0	0.0	0.0	0.0	0.0	0.0	0.0	0.0	0.12795905310300706	0.0	0.0	0.0	0.0	0.0	0.0	0.0	0.0	0.0	0.0	0.0	0.9596928982725528	0.12795905310300706	0.0	0.0	0.0	0.0	0.0	0.0	0.0	0.0	0.0	65.89891234804863	0.0	0.0	0.0	0.0	0.12795905310300706	0.0	0.0	0.0	0.0	0.0	0.0	0.0	0.0	0.0	0.0	0.0	0.0	0.0	0.0	0.0	0.0	0.0	0.0	0.0	0.0	0.0	0.0	0.0	0.0	0.0	0.0	0.0	0.0	0.0	0.0	0.0	0.0	0.0	0.0	0.0	0.0	ABX	van	IV
V2.d0	0.0	0.0	0.0	0.0	0.0	0.0	0.0	0.0	0.0	0.0	0.0	0.0	0.0	0.0	0.0	0.0	0.0	0.0	0.0	0.0	22.29367631296892	0.0	0.0	0.0	0.0	0.0	0.0	0.21436227224008575	0.0	0.0	0.0	0.0	0.3215434083601287	0.0	0.0	0.0	0.0	0.0	0.0	0.0	0.0	0.0	0.0	0.0	0.0	0.857449088960343	0.3215434083601287	0.0	0.0	0.0	0.0	0.0	0.0	0.0	0.0	0.0	0.0	0.0	13.290460878885318	0.0	0.0	0.3215434083601287	0.0	0.0	0.0	0.0	0.0	0.0	1.071811361200429	54.2336548767417	0.0	0.0	0.0	0.0	6.216505894962487	0.0	0.0	0.0	0.0	0.0	0.0	0.6430868167202572	0.21436227224008575	0.0	0.0	0.0	0.0	0.0	0.0	0.0	0.0	0.0	0.0	0.0	0.0	0.0	0.0	0.0	0.0	0.0	0.0	0.0	0.0	0.0	0.0	0.0	0.0	0.0	0.0	0.0	0.0	ABX	van	PO
V3.d0	0.0	0.0	0.0	0.029137529137529136	0.0	0.0	0.0	0.036421911421911424	0.0	0.0	0.014568764568764568	0.0	0.0	0.0	0.10926573426573427	0.16025641025641024	0.029137529137529136	0.0	0.0	0.0	33.03467365967366	0.0	0.0	0.34965034965034963	0.0	0.0	0.029137529137529136	0.10926573426573427	0.0	0.0	0.0	0.014568764568764568	0.4953379953379953	0.029137529137529136	0.0	0.0	0.0	0.0	0.0	0.0	0.0	0.0	0.0	0.0	0.0	0.8814102564102563	0.6483100233100232	0.0	0.0	0.0	0.0	0.0	0.0	0.0	0.0	0.021853146853146852	0.0	0.0	23.368298368298365	0.043706293706293704	0.0	0.8959790209790209	0.0	0.0	0.0	0.0	0.0	0.0	1.0853729603729603	31.818181818181817	0.0	0.0	0.0	0.0	5.419580419580419	0.0	0.0	0.0	0.0	0.0	0.0	0.6191724941724941	0.26952214452214446	0.0	0.0	0.0	0.0	0.0	0.021853146853146852	0.0	0.13111888111888112	0.0	0.0	0.0	0.1893939393939394	0.0	0.0	0.0	0.0	0.0	0.0	0.0	0.13111888111888112	0.0	0.0	0.014568764568764568	0.0	0.0	0.0	0.0	0.0	ABX	van	PO
V4.d0	0.0	0.0	0.0	0.07771428571428571	0.0	0.0	0.0	0.1417142857142857	0.0	0.0	0.0	0.0	0.0	0.0	0.07314285714285713	0.2377142857142857	0.009142857142857142	0.0	0.0	0.0	22.912000000000006	0.0	0.0	0.45257142857142857	0.0	0.0	0.0	0.1965714285714286	0.0	0.0	0.0	0.022857142857142857	0.5531428571428572	0.04571428571428573	0.0	0.0	0.0	0.0	0.0	0.0	0.027428571428571427	0.0	0.0	0.0	0.0	0.4982857142857143	0.704	0.0	0.0	0.0	0.0	0.0	0.0	0.0	0.0	0.04571428571428573	0.0	0.0	29.531428571428574	0.07314285714285713	0.0	1.2342857142857144	0.0	0.0	0.0	0.0	0.0	0.0	2.8434285714285723	31.433142857142858	0.0	0.0	0.0	0.0	5.2617142857142865	0.0	0.0	0.0	0.0	0.0	0.0	2.294857142857143	0.448	0.0	0.0	0.0	0.0	0.0	0.027428571428571427	0.0	0.027428571428571427	0.0	0.0	0.13257142857142856	0.46628571428571425	0.0	0.0	0.0	0.0	0.0	0.0	0.0	0.1645714285714286	0.0	0.064	0.0	0.0	0.0	0.0	0.0	0.0	ABX	van	PO
V5.d0	0.0	0.0	0.0	0.0	0.0	0.0	0.0	0.0	0.0	0.0	0.0	0.0	0.0	0.0	0.0	0.0	0.0	0.0	0.0	0.0	31.510791366906474	0.0	0.0	0.0	0.0	0.0	0.0	0.0	0.0	0.0	0.0	0.0	0.8633093525179856	0.0	0.0	0.0	0.0	0.0	0.0	0.0	0.0	0.0	0.0	0.0	0.0	0.0	0.0	0.0	0.0	0.0	0.0	0.0	0.0	0.0	0.0	0.7194244604316548	0.0	0.0	8.633093525179856	0.0	0.0	0.0	0.0	0.0	0.0	0.0	0.0	0.0	0.0	57.26618705035971	0.0	0.0	0.0	0.0	0.5755395683453238	0.0	0.0	0.0	0.0	0.0	0.0	0.0	0.43165467625899284	0.0	0.0	0.0	0.0	0.0	0.0	0.0	0.0	0.0	0.0	0.0	0.0	0.0	0.0	0.0	0.0	0.0	0.0	0.0	0.0	0.0	0.0	0.0	0.0	0.0	0.0	0.0	0.0	ABX	van	PO
V6.d0	0.0	0.0	0.029455081001472753	0.0	0.0	0.0	0.0	0.1325478645066274	0.0	0.0	0.6185567010309277	0.0	0.0	0.0	0.07363770250368187	0.1988217967599411	0.0	0.0	0.0	0.0	10.500736377025035	0.0	0.022091310751104567	0.2282768777614138	0.0	0.0	0.7584683357879234	0.0	0.0	0.0	0.0	0.05154639175257732	0.28718703976435933	0.0	0.0	0.0	0.0	0.0	0.0	0.0	0.0	0.0	0.0	0.0	0.0	0.13991163475699558	0.14727540500736375	0.0	0.0	0.0	0.0	0.0	0.10309278350515463	0.0	0.0	0.11045655375552282	0.0	0.0	10.721649484536082	4.123711340206186	0.0	0.21354933726067746	0.0	0.0	0.0	0.0	0.0	0.0	1.3917525773195878	67.2901325478645	0.0	0.0	0.0	0.0	1.399116347569956	0.0	0.0	0.0	0.0	0.0	0.0	0.9867452135493373	0.2430044182621502	0.0	0.0	0.0	0.0	0.0	0.0	0.0	0.0	0.0	0.0	0.03681885125184094	0.08836524300441825	0.0	0.0	0.0	0.0	0.0	0.0	0.0	0.044182621502209134	0.0	0.05891016200294551	0.0	0.0	0.0	0.0	0.0	0.0	ABX	van	PO
V7.d0	0.0	0.0	0.0	0.0	0.0	0.0	0.0	0.0	0.0	0.0	0.0	0.0	0.0	0.0	0.0	0.0	0.0	0.0	0.0	0.0	50.0	0.0	0.0	0.0	0.0	0.0	0.0	0.0	0.0	0.0	0.0	0.0	0.0	0.0	0.0	0.0	0.0	0.0	0.0	0.0	0.0	0.0	0.0	0.0	0.0	0.0	0.0	0.0	0.0	0.0	0.0	0.0	0.0	0.0	0.0	0.0	0.0	0.0	0.0	0.0	0.0	0.0	0.0	0.0	0.0	0.0	0.0	0.0	0.0	50.0	0.0	0.0	0.0	0.0	0.0	0.0	0.0	0.0	0.0	0.0	0.0	0.0	0.0	0.0	0.0	0.0	0.0	0.0	0.0	0.0	0.0	0.0	0.0	0.0	0.0	0.0	0.0	0.0	0.0	0.0	0.0	0.0	0.0	0.0	0.0	0.0	0.0	0.0	0.0	0.0	0.0	ABX	van	IP
V8.d0	0.0	0.0	0.0	0.039819485001327315	0.0	0.0	0.0	0.06636580833554552	0.0	0.0	1.9113352800637113	0.0	0.0	0.0	0.039819485001327315	0.1659145208388638	0.026546323334218205	0.0	0.0	0.0	10.81762675869392	0.0	0.0	0.27209981417573664	0.0	0.0	0.1526413591717547	0.08627555083620916	0.0	0.0	0.0	0.07300238916910005	0.6172020175205732	0.026546323334218205	0.0	0.0	0.0	0.0	0.0	0.0	0.0	0.0	0.0	0.0	0.0	0.6636580833554552	0.6769312450225642	0.0	0.0	0.0	0.0	0.0	0.0	0.0	0.0	0.2853729758428457	0.0	0.0	23.055481815768513	0.0	0.0	0.5043801433501459	0.0	0.0	0.0	0.0	0.0	0.0	1.0618529333687283	52.63472259092116	0.0	0.0	0.0	0.0	4.8712503318290405	0.0	0.0	0.0	0.0	0.0	0.0	1.1414919033713828	0.5707459516856915	0.0	0.0	0.0	0.0	0.013273161667109103	0.0	0.0	0.0	0.0	0.0	0.0	0.132731616671091	0.0	0.0	0.0	0.0	0.0	0.0	0.0	0.039819485001327315	0.0	0.05309264666843641	0.0	0.0	0.0	0.0	0.0	0.0	ABX	van	IP
V9.d0	0.0	0.0	0.0	0.0	0.0	0.0	0.0	0.0	0.0	0.0	0.0	0.0	0.0	0.0	0.8695652173913043	0.0	0.0	0.0	0.0	0.0	23.043478260869566	0.0	0.0	0.0	0.0	0.0	0.0	0.0	0.0	0.0	0.0	0.0	0.0	0.0	0.0	0.0	0.0	0.0	0.0	0.0	0.0	0.0	0.0	0.0	0.0	0.0	0.0	0.0	0.0	0.0	0.0	0.0	0.0	0.0	0.0	0.0	0.0	0.0	17.391304347826086	1.3043478260869565	0.0	0.0	0.0	0.0	0.0	0.0	0.0	0.0	0.0	53.91304347826087	0.0	0.0	0.0	0.0	2.1739130434782608	0.0	0.0	0.0	0.0	0.0	0.0	0.0	0.0	0.0	0.0	0.0	0.0	0.0	1.3043478260869565	0.0	0.0	0.0	0.0	0.0	0.0	0.0	0.0	0.0	0.0	0.0	0.0	0.0	0.0	0.0	0.0	0.0	0.0	0.0	0.0	0.0	0.0	ABX	van	IP
X1.d0	0.0	0.0	0.014594279042615297	0.0	0.0	0.0	0.0	0.0642148277875073	0.0	0.0	0.008756567425569177	0.0	0.0	0.0	0.22183304144775248	0.13426736719206073	0.017513134851138354	0.0	0.0	0.0	35.24518388791594	0.0	0.0	0.29772329246935203	0.0	0.0	0.023350846468184472	0.02043199065966141	0.0	0.014594279042615297	0.0	0.043782837127845885	0.5341506129597199	0.08464681844716872	0.0	0.0	0.0	0.0	0.0	0.0	0.0	0.0	0.0	0.0	0.0	0.14886164623467601	0.1225919439579685	0.0	0.0	0.0	0.0	0.0	0.0	0.0	0.0	0.3852889667250438	0.0	0.0	12.247518972562755	0.0642148277875073	0.0	0.7559836544074723	0.0	0.0	0.0	0.0	0.0	0.0	0.1284296555750146	44.96497373029772	0.0	0.0	0.0	0.0	2.3963806187974313	0.0	0.0	0.0	0.0	0.0	0.0	1.0741389375364858	0.15469935785172212	0.0	0.0	0.0	0.0	0.0	0.05545826036193812	0.0	0.0	0.0	0.0	0.05545826036193812	0.6509048453006422	0.0	0.0	0.0	0.0	0.0	0.0	0.0	0.040863981319322826	0.0	0.02918855808523059	0.0	0.0	0.0	0.0	0.0	0.0	ABX	mix	PO
X10.d0	0.0	0.0	0.0	0.0	0.0	0.0	0.0	0.0	0.0	0.0	0.0	0.0	0.0	0.0	0.3480278422273782	0.3480278422273782	0.0	0.0	0.0	0.0	31.902552204176335	0.0	0.0	0.0	0.0	0.0	0.0	0.0	0.0	0.46403712296983757	0.0	0.0	0.8120649651972158	0.0	0.0	0.0	0.0	0.0	0.0	0.0	0.0	0.0	0.0	0.0	0.0	0.0	0.0	0.0	0.0	0.0	0.0	0.0	0.0	0.0	0.0	0.0	0.0	0.0	2.2041763341067284	0.0	0.0	0.6960556844547563	0.0	0.0	0.0	0.0	0.0	0.0	0.0	60.67285382830626	0.0	0.0	0.0	0.0	0.0	0.0	0.0	0.0	0.0	0.0	0.0	0.3480278422273782	0.0	0.0	0.0	0.0	0.0	0.0	0.0	0.0	0.0	0.0	0.0	0.0	2.2041763341067284	0.0	0.0	0.0	0.0	0.0	0.0	0.0	0.0	0.0	0.0	0.0	0.0	0.0	0.0	0.0	0.0	ABX	mix	IP
X11.d0	0.0	0.0	0.09293680297397769	0.0	0.0	0.0	0.0	0.0	0.0	0.0	0.0	0.0	0.0	0.0	0.0	0.4646840148698885	0.0	0.0	0.0	0.0	22.63011152416357	0.0	0.0	0.27881040892193304	0.0	0.0	0.09293680297397769	0.0	0.0	0.0	0.0	0.0	0.3252788104089219	0.0	0.0	0.0	0.0	0.0	0.0	0.0	0.0	0.0	0.0	0.0	0.0	0.5576208178438661	0.3252788104089219	0.0	0.0	0.0	0.0	0.0	0.0	0.0	0.0	0.09293680297397769	0.0	0.0	15.845724907063195	0.0	0.0	0.0	0.0	0.0	0.0	0.0	0.0	0.0	0.5111524163568772	54.600371747211895	0.0	0.0	0.0	0.0	2.7881040892193307	0.0	0.0	0.0	0.0	0.0	0.0	0.3717472118959108	0.0	0.0	0.0	0.0	0.0	0.0	0.3252788104089219	0.0	0.0	0.0	0.0	0.0	0.13940520446096652	0.0	0.0	0.0	0.0	0.0	0.0	0.0	0.5576208178438661	0.0	0.0	0.0	0.0	0.0	0.0	0.0	0.0	ABX	mix	IP
X12.d0	0.0	0.0	0.0	0.0	0.0	0.0	0.0	0.0	0.0	0.0	0.0	0.0	0.0	0.0	0.0	0.0	0.0	0.0	0.0	0.0	23.91991570073762	0.0	0.0	0.2107481559536354	0.0	0.0	0.0	0.0	0.0	0.0	0.0	0.0	0.47418335089567965	0.0	0.0	0.0	0.0	0.0	0.0	0.0	0.0	0.0	0.0	0.0	0.0	0.6322444678609063	0.368809272918862	0.0	0.0	0.0	0.0	0.0	0.0	0.0	0.0	0.368809272918862	0.0	0.0	32.08640674394099	0.0	0.0	0.8956796628029506	0.0	0.0	0.0	0.0	0.0	0.0	1.159114857744995	35.511064278187575	0.0	0.0	0.0	0.0	2.7397260273972606	0.0	0.0	0.0	0.0	0.0	0.0	1.475237091675448	0.0	0.0	0.0	0.0	0.0	0.0	0.0	0.0	0.0	0.0	0.0	0.0	0.15806111696522657	0.0	0.0	0.0	0.0	0.0	0.0	0.0	0.0	0.0	0.0	0.0	0.0	0.0	0.0	0.0	0.0	ABX	mix	IV
X13.d0	0.0	0.0	0.0	0.05537098560354374	0.0	0.0	0.0	0.1937984496124031	0.0	0.0	0.0	0.0	0.0	0.0	0.0784422296050203	0.4337393872277593	0.0	0.0	0.0	0.0	35.026762643041714	0.0	0.0	0.8444075304540422	0.0	0.0	0.013842746400885935	0.2722406792174234	0.0	0.0	0.0	0.11997046880767812	0.7751937984496123	0.03691399040236249	0.0	0.0	0.0	0.0	0.0	0.0	0.0	0.0	0.0	0.0	0.0	1.4165743816906609	0.7751937984496124	0.0	0.0	0.0	0.0	0.0	0.0	0.0	0.0	0.1568844592100406	0.0	0.0	16.58361018826135	0.10612772240679216	0.0	0.724437061646364	0.0	0.0	0.0	0.0	0.0	0.0	1.1858619416758953	30.62938353636028	0.0	0.0	0.0	0.0	8.12107788851975	0.0	0.0	0.0	0.0	0.0	0.0	1.3565891472868215	0.43835363602805466	0.0	0.0	0.0	0.0	0.0	0.018456995201181246	0.0	0.03691399040236249	0.0	0.0	0.0369139904023625	0.4568106312292359	0.0	0.0	0.0	0.0	0.0	0.0	0.0	0.03229974160206719	0.0	0.07382798080472498	0.0	0.0	0.0	0.0	0.0	0.0	ABX	mix	IV
X14.d0	0.0	0.0	0.0	0.016485328058028357	0.0	0.0	0.0	0.057698648203099244	0.0	0.0	0.0	0.0	0.0	0.0	0.032970656116056714	0.057698648203099244	0.016485328058028357	0.0	0.0	0.0	16.35344543356413	0.0	0.0	0.24727992087042533	0.0	0.0	0.0	0.14012528849324102	0.0	0.0	0.0	0.024727992087042534	0.2225519287833828	0.0	0.0	0.0	0.0	0.0	0.0	0.0	0.016485328058028357	0.0	0.0	0.0	0.0	0.04121332014507089	0.4038905374216948	0.0	0.0	0.0	0.0	0.0	0.0	0.0	0.0	0.11539729640619849	0.0	0.0	36.99307616221564	0.024727992087042534	0.0	1.4342235410484674	0.0	0.0	0.0	0.0	0.0	0.0	0.8242664029014178	34.7675568743818	0.0	0.0	0.0	0.0	5.126937026046819	0.0	0.0	0.0	0.0	0.0	0.0	2.3986152324431256	0.21430926475436865	0.0	0.0	0.0	0.0	0.0	0.0	0.0	0.0	0.0	0.0	0.04945598417408507	0.3379492251895813	0.0	0.0	0.0	0.0	0.0	0.0	0.0	0.016485328058028357	0.0	0.024727992087042534	0.0	0.0	0.0	0.0	0.0	0.04121332014507089	ABX	mix	IV
X15.d0	0.0	0.0	0.0171959188352631	0.011463945890175402	0.0	0.0	0.0	0.0687836753410524	0.0	0.0	0.0	0.0	0.0	0.0	0.2464748366387711	0.08597959417631551	0.0	0.0	0.0	0.0	33.130803622606905	0.0	0.0	0.38977416026596357	0.0	0.0	0.0286598647254385	0.0	0.0	0.0	0.0	0.0	0.43562994382666526	0.040123810615613896	0.0	0.011463945890175402	0.0	0.0	0.0	0.0	0.0	0.0	0.0	0.0	0.0	0.2808666743092973	0.1662272154075433	0.0	0.0	0.0	0.0	0.0	0.0	0.0	0.0	0.22927891780350804	0.0	0.0	19.987389659520808	0.12610340479192939	0.0	0.6419809698498223	0.0	0.0	0.0	0.0	0.0	0.0	0.1432993236271925	38.46727043448355	0.0	0.0	0.0	0.0	2.6481715006305175	0.0	0.0	0.0	0.0	0.0	0.0	2.0577782872864843	0.3955061332110513	0.0	0.0	0.0	0.0	0.0	0.0401238106156139	0.0	0.0	0.0	0.0	0.0687836753410524	0.21781497191333257	0.0	0.0	0.0	0.0	0.0	0.0	0.0	0.022927891780350804	0.0	0.040123810615613896	0.0	0.0	0.0	0.0	0.0	0.0	ABX	mix	IV
X16.d0	0.0	0.0	0.0	0.04213719871902915	0.0	0.0	0.0	0.2823192314174954	0.0	0.0	0.0	0.0	0.0	0.0	0.0842743974380583	0.11798415641328162	0.03370975897522332	0.0	0.0	0.0	30.600033709758968	0.0	0.0	0.5814933423226023	0.0	0.0	0.012641159615708745	0.14326647564469913	0.0	0.0	0.0	0.033709758975223325	0.46772290578122366	0.012641159615708745	0.0	0.0	0.0	0.0	0.0	0.0	0.0	0.0	0.0	0.0	0.0	1.3821001179841563	0.5435698634754761	0.0	0.0	0.0	0.0	0.0	0.0	0.0	0.0	0.016854879487611663	0.0	0.0	24.5702005730659	0.14326647564469913	0.0	1.0070790493847965	0.0	0.0	0.0	0.0	0.0	0.0	0.7542558570706217	28.00859598853868	0.0	0.0	0.0	0.0	7.5973369290409565	0.0	0.0	0.0	0.0	0.0	0.0	2.3765380077532443	0.8595988538681948	0.0	0.0	0.0	0.0	0.0	0.0	0.0	0.008427439743805831	0.012641159615708745	0.0	0.0	0.20647227372324287	0.0	0.0	0.0	0.0	0.012641159615708745	0.0	0.0	0.0	0.0	0.08848811730996123	0.0	0.0	0.0	0.0	0.0	0.0	ABX	mix	IV
X17.d0	0.0	0.0	0.0	0.05011275369581559	0.0	0.0	0.0	0.15033826108744677	0.0	0.0	0.0	0.0	0.0	0.0	0.0	0.42178234360644795	0.029232439655892426	0.0	0.0	0.0	16.203123694980373	0.0	0.0	0.16286644951140067	0.025056376847907794	0.0	0.18792282635930846	0.1545143238954314	0.0	0.0	0.0	0.0	0.8895013781007269	0.037584565271861686	0.0	0.0	0.0	0.0	0.0	0.0	0.0	0.008352125615969265	0.0	0.0	0.0	0.32990896183078594	0.2881483337509397	0.0	0.0	0.0	0.0	0.0	0.0	0.0	0.0	0.08769731896767728	0.0	0.0	45.159943205545815	0.02923243965589243	0.0	1.2653470308193437	0.0	0.0	0.0	0.0	0.0	0.0	0.18374676355132388	27.749937359057885	0.0	0.0	0.0	0.0	4.176062807984633	0.0	0.0	0.0	0.0	0.0	0.0	1.1066566441159278	0.6431136724296334	0.0	0.0	0.0	0.0	0.0	0.008352125615969265	0.0	0.008352125615969265	0.02923243965589243	0.0	0.05428881650380023	0.2714440825190011	0.0	0.0	0.0	0.0	0.0	0.0	0.0	0.02923243965589243	0.0	0.2589158940950472	0.0	0.0	0.0	0.0	0.0	0.0	ABX	mix	IV
X18.d0	0.0	0.0	0.017372672785708084	0.0	0.0	0.0	0.0	0.18530850971421958	0.0	0.0	0.02316356371427744	0.0	0.0	0.0	0.02605900917856212	0.1766221733213655	0.0	0.0	0.0	0.0	37.7073862813794	0.0	0.0	0.24611286446419783	0.0	0.0	0.19109940064278894	0.06080435474997829	0.01158178185713872	0.020268118249992764	0.0	0.07238613660711701	1.3116367953209604	0.06659524567854766	0.0	0.008686336392854042	0.0	0.0	0.0	0.0	0.0	0.02895445464284681	0.0	0.0	0.0	0.19109940064278894	0.06659524567854766	0.0	0.0	0.0	0.0	0.0	0.00579089092856936	0.0	0.0	0.17951761878565017	0.0	0.0	14.106610301994964	0.05501346382140893	0.0	0.6543706749283378	0.0	0.0	0.0	0.0	0.0	0.0	0.27796276457132935	40.15114225323567	0.0	0.0	0.0	0.0	2.1223615253206707	0.0	0.0	0.0	0.0	0.0	0.00579089092856936	1.2305643223209892	0.31270811014274547	0.0	0.0	0.0	0.0	0.0	0.017372672785708084	0.0	0.01737267278570808	0.0	0.0	0.06369980021426297	0.3011263282856068	0.0	0.0	0.0	0.0	0.020268118249992764	0.0	0.0	0.028954454642846808	0.0	0.03764079103570085	0.0	0.0	0.0	0.0	0.0	0.0	ABX	mix	IV
X2.d0	0.0	0.0	0.0	0.0	0.0	0.0	0.0	0.08705745792222866	0.0	0.0	0.0	0.0	0.0	0.0	0.0	0.0	0.0	0.0	0.0	0.0	36.041787579802666	0.0	0.0	0.0	0.14509576320371442	0.0	0.11607661056297157	0.0	0.0	0.0	0.0	0.0	0.14509576320371442	0.0	0.0	0.0	0.0	0.0	0.0	0.0	0.0	0.0	0.0	0.0	0.0	0.0	0.20313406848520021	0.0	0.0	0.0	0.0	0.0	0.0	0.0	0.0	0.23215322112594317	0.0	0.0	4.439930354033662	0.058038305281485784	0.0	0.6964596633778295	0.0	0.0	0.0	0.0	0.0	0.0	0.08705745792222866	56.35519442832269	0.0	0.0	0.0	0.0	0.11607661056297157	0.0	0.0	0.0	0.0	0.0	0.0	1.2188044109112013	0.058038305281485784	0.0	0.0	0.0	0.0	0.0	0.0	0.0	0.0	0.0	0.0	0.0	0.0	0.0	0.0	0.0	0.0	0.0	0.0	0.0	0.0	0.0	0.0	0.0	0.0	0.0	0.0	0.0	0.0	ABX	mix	PO
X3.d0	0.0	0.0	0.0	0.0	0.0	0.0	0.0	0.08100445524503848	0.0	0.0	0.16200891049007696	0.0	0.0	0.0	0.06075334143377884	0.0	0.0	0.0	0.0	0.0	29.222357229647628	0.0	0.0	0.2835155933576346	0.0	0.0	0.2227622519238558	0.0	0.0	0.0	0.0	0.0	1.5998379910895097	0.0	0.0	0.0	0.0	0.0	0.0	0.0	0.0	0.0	0.0	0.0	0.0	0.1417577966788173	0.08100445524503848	0.0	0.0	0.0	0.0	0.0	0.0	0.0	0.0	0.32401782098015386	0.0	0.0	5.30579181855002	0.04050222762251924	0.0	0.46577561765897113	0.0	0.0	0.0	0.0	0.0	0.0	0.24301336573511537	60.307816929931136	0.0	0.0	0.0	0.0	0.5670311867152692	0.0	0.0	0.0	0.0	0.0	0.0	0.4050222762251924	0.16200891049007696	0.0	0.0	0.0	0.0	0.0	0.0	0.0	0.0	0.0	0.0	0.0	0.1417577966788173	0.0	0.0	0.0	0.0	0.0	0.0	0.0	0.18226002430133653	0.0	0.0	0.0	0.0	0.0	0.0	0.0	0.0	ABX	mix	PO
X4.d0	0.0	0.0	0.0	0.0	0.0	0.0	0.0	0.046835665359171	0.0	0.0	0.017563374509689127	0.0	0.0	0.0	0.035126749019378255	0.14050699607751302	0.0	0.0	0.0	0.0	40.24939991803758	0.0	0.0	0.36297640653357527	0.0	0.0	0.046835665359171	0.0	0.0	0.046835665359171	0.0	0.0	0.2985773666647151	0.07610795620865289	0.0	0.0	0.0	0.0	0.0	0.0	0.0	0.0	0.0	0.0	0.0	0.10538024705813476	0.13465253790761664	0.0	0.0	0.0	0.0	0.0	0.0	0.0	0.0	0.14050699607751302	0.0	0.0	9.091973537849071	0.04098120718927464	0.0	0.35126749019378256	0.0	0.0	0.0	0.0	0.0	0.0	0.1990515777764768	46.18582050231251	0.0	0.0	0.0	0.0	1.0947836777706224	0.0	0.0	0.0	0.0	0.0	0.0	0.6966805222176687	0.2166149522861659	0.0	0.0	0.0	0.0	0.0	0.0	0.0	0.04098120718927464	0.0	0.0	0.0	0.31614074117440427	0.0	0.0	0.0	0.0	0.0	0.0	0.0	0.06439903986886013	0.0	0.0	0.0	0.0	0.0	0.0	0.0	0.0	ABX	mix	PO
X6.d0	0.0	0.0	0.00932661816825219	0.00932661816825219	0.0	0.0	0.0	0.1725424361126655	0.0	0.0	0.0	0.0	0.0	0.0	0.0792762544301436	0.38705465398246586	0.0	0.0	0.0	0.0	23.17664614810669	0.0	0.0	0.43835105390785284	0.0	0.0	0.0	0.6155567991046446	0.0	0.0	0.0	0.023316545420630472	0.0886028725983958	0.06062301809363922	0.0	0.0	0.0	0.0	0.0	0.0	0.0	0.0	0.0	0.0	0.0	0.49431076291736603	0.3124417086364483	0.0	0.0	0.00932661816825219	0.0	0.0	0.0	0.0	0.0	0.051296399925387044	0.0	0.0	38.55157619847043	0.07461294534601752	0.0	0.6062301809363922	0.0	0.0	0.0	0.0	0.0	0.0	0.8393956351426969	16.60604364857302	0.0	0.0	0.0	0.0	11.994030964372314	0.0	0.0	0.0	0.0	0.0	0.0	4.500093266181682	0.7741093079649317	0.0	0.0	0.0	0.0	0.0	0.0	0.0	0.0	0.0	0.0	0.013989927252378284	0.10259279985077407	0.0	0.0	0.0	0.0	0.0	0.0	0.0	0.0	0.0	0.00932661816825219	0.0	0.0	0.0	0.0	0.0	0.0	ABX	mix	PO
X7.d0	0.0	0.0	0.0	0.0	0.0	0.0	0.0	0.08424599831508003	0.0	0.0	0.22114574557708508	0.0	0.0	0.0	0.0	0.0	0.0	0.0	0.0	0.0	19.7346251053075	0.0	0.0	0.0	0.0	0.0	0.37910699241786017	0.0	0.0	0.03159224936815501	0.0	0.0	0.34751474304970514	0.0	0.0	0.0	0.0	0.0	0.0	0.0	0.0	0.0	0.0	0.0	0.0	0.07371524852569503	0.052653748946925025	0.0	0.0	0.0	0.0	0.0	0.03159224936815501	0.0	0.0	0.09477674810446504	0.0	0.0	1.9165964616680708	0.02106149957877001	0.0	0.08424599831508003	0.0	0.0	0.0	0.0	0.0	0.0	0.11583824768323504	75.93723673125527	0.0	0.0	0.0	0.0	0.2948609941027801	0.0	0.0	0.0	0.0	0.0	0.0	0.5054759898904801	0.04212299915754002	0.0	0.0	0.0	0.0	0.0	0.0	0.0	0.0	0.0	0.0	0.0	0.03159224936815501	0.0	0.0	0.0	0.0	0.0	0.0	0.0	0.0	0.0	0.0	0.0	0.0	0.0	0.0	0.0	0.0	ABX	mix	IP
X8.d0	0.0	0.0	0.0	0.027878449958182328	0.0	0.0	0.0	0.10222098318000186	0.0	0.0	0.16727069974909395	0.0	0.0	0.0	0.027878449958182328	0.018585633305454884	0.055756899916364656	0.0	0.0	0.0	23.492240498094972	0.0	0.0	0.4646408326363721	0.0	0.0	0.7898894154818326	0.0	0.0	0.03717126661090977	0.0	0.0	0.6133258990800112	0.018585633305454884	0.0	0.018585633305454884	0.0	0.0	0.0	0.0	0.0	0.0	0.0	0.0	0.0	0.055756899916364656	0.0650497165690921	0.0	0.0	0.0	0.0	0.0	0.13939224979091158	0.0	0.0	0.2137347830127312	0.0	0.0	7.805965988291051	0.06504971656909209	0.0	0.21373478301273113	0.0	0.0	0.0	0.0	0.0	0.0	0.08363534987454697	63.070346622061145	0.0	0.0	0.0	0.0	1.0036241984945635	0.0	0.0	0.0	0.0	0.0	0.0	0.6690827989963758	0.1765635164018214	0.0	0.0	0.0	0.0	0.0	0.0	0.0	0.0	0.0	0.0	0.19514914970727626	0.31595576619273297	0.0	0.0	0.0	0.0	0.046464083263637206	0.0	0.0	0.046464083263637206	0.0	0.0	0.0	0.0	0.0	0.0	0.0	0.0	ABX	mix	IP
X9.d0	0.0	0.0	0.0	0.01018122581958868	0.0	0.0	0.0	0.16289961311341886	0.0	0.0	0.0	0.0	0.0	0.0	0.21380574221136223	0.18835267766239058	0.03054367745876604	0.0	0.0	0.0	23.94624312767257	0.0	0.0	0.2341681938505396	0.025453064548971695	0.0	0.055996742007737736	0.0763591936469151	0.0	0.0	0.0	0.01018122581958868	0.14762777438403585	0.035634290368560376	0.0	0.0	0.0	0.0	0.0	0.0	0.0	0.0	0.0	0.0	0.0	0.45815516188149047	0.17817145184280186	0.0	0.0	0.0	0.32579922622683777	0.0	0.0	0.0	0.0	0.17308083893300755	0.0	0.0	6.683974750559968	0.04072490327835472	0.0	0.5396049684381999	0.0	0.0	0.0	0.0	0.0	0.0	0.15780900020362454	60.05396049684382	0.0	0.0	0.0	0.0	3.4361637141111787	0.0	0.0	0.0	0.0	0.0	0.0	2.1024231317450623	0.3512522907758094	0.0	0.0	0.0	0.0	0.0	0.02036245163917736	0.0	0.0	0.04581551618814906	0.0	0.03054367745876604	0.1527183872938302	0.0	0.0	0.0	0.0	0.0	0.0	0.0	0.08654041946650377	0.0	0.025453064548971695	0.0	0.0	0.0	0.0	0.0	0.0	ABX	mix	IP
